AALST BELGIUM	BE
AALTER BELGIUM	BE
ABERDEEN SCOTLAND	GB
ABESSINIÃ	ET
ABESSYNIA	ET
ABUARBI SHIGA PREF JAPAN	JP
Abu Dhabi	AE
ABW	AW
ABYSSINE ETHIOPIA	ET
ABYSSINIA	ET
ACE LAKE VESTFOLD HILLS ANTARCTICA	AQ
ADELAIDE IS	AQ
ADMIRALTY BAY KING GEORGE ISLAND SOUTH SHETLAND ISLANDS ANTARCTICA	AQ
ADMIRALTY IS	US
A FEW MILES OFFSHORE OF LA SPEZIA ITALY	IT
AFG	AF
AFGANISTAN	AF
AFGANISTÁN	AF
AFGHANISTAN	AF
AFGHENISTAN	AF
AFRIQUE DU SUD BANTU	ZA
AFRIQUE DU SUD BASUTOLAND SOTHO	ZA
AFRIQUE DU SUD BOTSWANA KGATHA	BW
AFRIQUE DU SUD LOBEDU	ZA
AFRIQUE DU SUD MFENGU	ZA
AFRIQUE DU SUD MPONDOZULU LALA	ZA
AFRIQUE DU SUD PAYS VENDA	ZA
AFRIQUE DU SUD SOTHO DU BASUTOLAND	ZA
AFRIQUE DU SUD SOTHO LOBEDU ZULU	ZA
AFRIQUE DU SUD SOTHO NGUNI	ZA
AFRIQUE DU SUD SOTHO	ZA
AFRIQUE DU SUD SWAZILANDSWATI	ZA
AFRIQUE DU SUD TRANSVAAL ORIENTAL	ZA
AFRIQUE DU SUD XHOSA ET MFENGU	ZA
AFRIQUE DU SUD XHOSA	ZA
AFRIQUE DU SUD	ZA
AFRIQUE DU SUD ZIMBABWE NDEBELE	ZW
AFRIQUE DU SUD ZULU KWENA	ZA
AFRIQUE DU SUD ZULU SWATI	ZA
AFRIQUE DU SUD ZULU	ZA
AFRIQUE SUD ET EST GUINÃE CONAKRY FOUTADJALLON	GN
AFRIQUE SUD	ZA
AGALEGA IDS	MU
AGO	AO
AIA	AI
AICHI JAPAN	JP
AISNE FRANCE	FR
AJUY ILTOILO PHILIPPINES	PH
ALA	AX
ALABAMA	US
ALABAMA USA	US
ALAGOAS BRAZIL	BR
ALASKA	US
ALASKA USA	US
ALB	AL
ALBANIA	AL
ALBANIE	AL
ALBANIO	AL
ALBERTON SOUTH AFRICA	ZA
ALDABRA	SC
ALDERLEY BRISBANE AUSTRALIA	AU
Alemanha	DE
ALEMANIA	DE
ALEUTIAN ISL	US
ALEUTIAN IS	US
ALEXANDER ARCH	US
ALEXANDRIA EGYPT	EG
ALG	DZ
ALGERIA	DZ
ALGERIAN SAHARA	DZ
ALGERIÃ	DZ
ALGERIE	DZ
ALGIERS	DZ
ALGÉRIE	DZ
ALICANTE SPAIN	ES
ALLEMAGNE	DE
ALTAI	RU
AMAKUSA NAGASAKI PREF JAPAN	JP
AMALIAS GREECE	GR
AMAZONS OF PERU	PE
AMERICAN SAMOA	AS
AMERICANSAMOA	AS
AMERICAN SAMOA I	AS
AMERICAN SAMOA USA	AS
AMER SAMOA	AS
AMPONVILLE FRANCE	FR
AM SAMOA	AS
AMSAMOA	AS
AMSTERDAM ISLAND	FR
AMSTERDAM I	TF
AMSTERDAM	NL
AMSTERDAM THE NETHERLANDS	NL
AMURLAND	RU
AMUR	RU
AND	AD
ANDAMAN IS	IN
ANDAMAN ISLANDS	IN
ANDAMAN ISL	IN
ANDES OF VENEZUELA	VE
ANDES OF VENEZ	VE
ANDORRA	AD
ANDORRE	AD
ANG	AO
Angleterre	GB
ANGOLA	AO
ANGOLA BORDER	AO
ANGOLA EXCLAVE	AO
ANGOLA PORTUGUESE EAST AFR	AO
ANGUILA	AI
ANGUILLA	AI
ANTACTICA	AQ
ANTAGUA	AG
ANTARCTICA	AQ
ANTARCTIC	AQ
ANTARCTICA ÂS	AQ
ANTARCTIC OCEAN	AQ
ANTARCTIC PEINSULA	AQ
ANTARCTIC PENINSULA	AQ
ANTARCTIQUE	AQ
ANTARTICA	AQ
ANTIGUA	AG
ANTIGUA AND BARABU	AG
ANTIGUA AND BARBUDA	AG
ANTIGUA BARB	AG
ANTIGUA & BARBUDA	AG
ANTIGUA & BERMUDA	AG
ANTIGUA ET BARBUDA	AG
ANTIGUA IS	AG
ANTIGUA Y BARBUDA	AG
ANTILLAS NEERLANDESAS	ZZ
ANTIQUA	AG
ANTÁRTIDA	AQ
ANTWERP BELGIUM	BE
ANTWERPEN BELGIUM	BE
ANT	ZZ
AÃORES	PT
APARRI CAGAYAN PHILIPPINES	PH
APPALACHICOLA BAY TALLAHASSEE	US
ARABIA	SA
ARABIA SAUDITA	SA
ARABIE SAOUDITE	SA
ARCTIC CANADA	CA
ARDÃCHE FRANCE	FR
ARDENNES BELGIUM	BE
ARE	AE
ARG	AR
ARGELIA	DZ
ARGEN	AR
ARGENTANIÃ	AR
ARGENT	AR
ARGENTIÃ	AR
﻿ARGENTINA	AR
ARGENTINA	AR
ARGENTINE	AR
ARGENTINE REP	AR
ARGENTINE REPUBLIC	AR
ARGENTINIA	AR
ARGENT REP	AR
ARGETON BRITTANY FRANCE	FR
ARG REP	AR
ARHUS DENMARK	DK
ARIZONA	US
ARIZONA USA	US
ARKANSAS USA	US
ARM	AM
ARMENIA	AM
ARMENIA RUSSIA	AM
ARMENIYA	AM
ARMÉNIE	AM
ARTIC CANADA	CA
ARUBA	AW
ASCENSION ID	SH
ASCENSION I	SH
ASCENSION ISLAND	SH
ASCENSION	SH
ASCHAFFENBURG GERMANY	DE
ASERBSSR	AZ
ASHBURTON NEW ZEALAND	NZ
ASM	AS
ASSAM	IN
ASSE BELGIUM	BE
ASTORP SWEDEN	SE
ASTRIA	AT
ATA	AQ
ATF	TF
ATG	AG
ATLANTA USA	US
ATSUGISHI KANAGAWA JAPAN	JP
ATSUMA HOKKAIDO JAPAN	JP
AU CF	AU
AUDE FRANCE	FR
AUGUSTA USA	US
AUNUU ISLAND	AS
AUS	AU
AUSTALIA	AU
AUST	AU
AUSTEVOLL NORWAY	NO
AUSTRAILIA	AU
AUSTRALIA	AU
Australia (Country)	AU
AUSTRALIA EASTERN	AU
AUSTRALIAN ANTARCTIC DIVISION	AQ
Australia, Northern Territory	AU
AUSTRALIA SOUTH	AU
AUSTRALIE	AU
AUSTRAL ISLANDS	PF
AUSTR	AU
AUSTRIA	AT
AUT	AT
AUTRICHE	AT
AVGANISTAN	AF
AVIAN UK	GB
AYRSHIRE SCOTLAND	GB
AZE	AZ
AZERBAÏDJAN	AZ
AZERBAIDZHAN	AZ
AZERBAIJAN	AZ
AZERBAIYÁN	AZ
AZERBAYDZHAN	AZ
AZORE IDS	PT
AZORERNA	PT
AZORES I	PT
AZORES ISLANDS	PT
AZORES IS	PT
AZORES	PT
BAFFIN LAND	CA
BAFFINLAND	CA
BAHAMA	BS
BAHAMA I	BS
BAHAMA ID	BS
BAHAMA IDS	BS
BAHAMA IS	BS
BAHAMA ISLANDS	BS
BAHAMAS	BS
BAHAMAS IDS	BS
BAHAMAS IS	BS
BAHAMAS ISLANDS	BS
BAHAMAS THE	BS
BAHIA BRAZIL	BR
BAHRAIN	BH
BAHREIN	BH
BAHREÏN	BH
BAHRÉIN	BH
BAKER ISLAND	UM
BAKER IS	UM
BALCARIC IS	ES
BALEARES	ES
BALEARIC	ES
BALEARIC IS	ES
BALEARIC ISL	ES
BALEARICS	ES
BALEARICS IS	ES
BALEARIE IS	ES
BALEARIS IS	ES
BALI	ID
BALI I	ID
BALI IS	ID
BALINGKAWAYAN SAN JOSE TARLAC TARLAC PHILIPPINES	PH
BALI OR LOMBOK	ID
BALLEARIC IS	ES
BALTIMORE USA	US
BAMBERG GERMANY	DE
BANAUE SIK IFUGAO PHILIPPINES	PH
BANDOENG INDONESIA	ID
BANGLADESH	BD
BANGOR UK	GB
BANKS GR	CA
BANKS IS	CA
BANTUG MUNOZ NUEVA ECIJA PHILIPPINES	PH
BARBADE	BB
BARBADO	BB
BARBADOES	BB
BARBADOS	BB
BARBADOS B W I	BB
BARBADOS ISLAND	BB
BARBUDA	AG
BARBUDA ISLAND	AG
BARZIL	BR
BASS STRAITS	AU
BASUTOLAND	LS
BAWANA NEAR DELHI INDIA	IN
BAY	DE
Bayern	DE
BAY OF PANAMA	PA
BAZIL	BR
B BECHUANALAND	BW
B BURMAH	MM
B C AFRICA	MW
B CAMEROONS	CM
B C	CG
B CENTR AFRICA	MW
B CONGO	CD
BDI	BI
B E AFRICA	KE
B E AFRICA KENYA COLONY	KE
B E AFR	KE
B E A KENYA COLONY	KE
BEAR ISLAND	NO
BEAUNE FRANCE	FR
BECHUANALAND	BW
BECQUEVOORT BELGIUM	BE
BEDFORDSHIRE UK	GB
BEERNEM BELGIUM	BE
BEERSE BELGIUM	BE
BEHRANG MALAYSIA	MY
BEIJING CHINA	CN
BELARUS	BY
Belau [Palau]	PW
BELAU	PW
BEL	BE
BEL CONGO	CD
BELEARIC IS	ES
BELFAST EASTERN TRANSVAAL SOUTH AFRICA	ZA
BELG CONGO	CD
BELGIAM CONGO	CD
BELGIAN CONGO	CD
België	BE
BELGIQUE	BE
BELGIUM AALTER	BE
BELGIUM AMYLUM	BE
BELGIUM	BE
Belgium  ; België  ; Belgique  ; Belgien	BE
Belgium ; België ; Belgique ; Belgien	BE
BELGIUM CONGO	CD
BELGUIM	BE
BELICE	BZ
BELIZE BRITISH HONDURAS	BZ
BELIZE	BZ
BELLE GLADE FLORIDA USA	US
BELUDSCHISTAN	PK
BEN	BJ
BENIM	BJ
BENIN	BJ
BENÍN	BJ
BERING ID	RU
BERING I	RU
BERING ISLAND	RU
BERING IS	RU
BERKELEY CALIFORNIA USA	US
BERKELEY USA	US
BERLINBUCH GERMANY	DE
BERMUDA	BM
BERMUDA IDS	BM
BERMUDA IS	BM
BERMUDAS	BM
BERMUDES	BM
BERNE SWITZERLAND	CH
BERNUDA	BM
BETHLEHEM USA	US
BFA	BF
BGD	BD
BGR	BG
B GUIANA	GY
B HONDURAS	BZ
BHOUTAN	BT
BHR	BH
BHS	BS
BHUTAN	BT
BIELORRUSIA	BY
BIH	BA
BIÉLORUSSIE	BY
BINH THANH VIETNAM	VN
BIOKO	CM
BIRMANIA	MM
BIRMANIE	MM
BISMARCK ARCH	PG
Bismark Arch.	PG
BLACKPOOL UK	GB
BLACKSBURG USA	US
BLACK SEA RUSSIA	RU
BLANKVANN NORWAY	NO
BÉLARUS	BY
BLELHAM TARN UK	GB
BÉLGICA	BE
BÉLIZE	BZ
BLR	BY
BLZ	BZ
BMU	BM
B N GUINEA	PG
BÃNIN	BJ
BÉNIN	BJ
BÃNIN MONO	BJ
BOEKHOUT BELGIUM	BE
BOGOR INDONESIA	ID
BOGOTA	CO
BOL	BO
BOLIVA	BO
BOLIVAR	BO
BOLIV	BO
BOLIVIA	BO
BOLIVIAR	BO
BOLIVIE	BO
BOLIVIE L ÉTAT PLURINATIONAL DE	BO
BOLÍVIA	BO
BOMBAY INDIA	IN
BONAIRE	BQ
BONAIRE ISLAND W INDIES	BQ
BONAIRE SAINT EUSTACHE ET SABA	BQ
Bonaire, Saint Eustatius	BQ
BONAIRE THE NETHERLANDS ANTILLES	BQ
BONDY FRANCE	FR
BONNEVILLE DAM COLUMBIA RIVER WASHINGTON USA	US
BORDEAUX FRANCE	FR
BORDEAUX GIRONDE FRANCE	FR
BORGLOON BELGIUM	BE
BORNEO BRUNEI	BN
BORNEO	ZZ
BORNHOLM BALTIC SEA	DK
BORÃS SWEDEN	SE
BORSTEL GERMANY	DE
BOSNIA AND HERCEGOVINA	BA
BOSNIA	BA
BOSNIAHERCEGOVINA	BA
BOSNIA HERCEGOVINA YUGOSLAVIA	BA
BOSNIA & HERZEGOVINA	BA
BOSNIA HERZG	BA
BOSNIA Y HERZEGOVINA	BA
BOSNIÃ	BA
BOSNIE	BA
BOSNIE HERZÉGOVINE	BA
BOSPHORUS	TR
BOSTON MASSACHUSETTS USA	US
BOTANICAL GARDEN KYOTO JAPAN	JP
BOTSUANA	BW
BOTSWANA	BW
BOTSWANA CAPTIVE	BW
BOTSWANA KALAHARI	BW
BOTSWANA KALAHARI CENTRAL	BW
BOTSWANA KGATHA	BW
BOUGAINVILLE	PG
BOUNTY ISLAND	FJ
BOURGENBRESSE FRANCE	FR
BOUVET	BV
BOUVET IS	BV
BOUVET ÎLE	BV
BRA	BR
BRADFORT UK	GB
BRAINE LALLEUD BELGIUM	BE
Brandenburg	DE
BRASIL	BR
Brasilien	BR
BRAUNSCHWEIG GERMANY	DE
BRAZ	BR
BRAZIL	BR
BRAZIL!	BR
BRAZIL	BR
BRAZIL ERRONEOUS = MEXICO	MX
BRB	BB
BR CAMEROONS	CM
BRCES PILI CAMARINES SUR PHILIPPINES	PH
BRD	DE
BR E AFRICA	KE
BR E AFRICA KENYA COLONY	KE
BR E AFRICA KENYA	KE
BR EAST AFRICA	KE
BRESIL	BR
BR GUIANA	GY
BR HONDORAS	BZ
BRIAZIL	BR
BR IND OC TR	IO
BRISTISH GUIANA	GY
BRISTOL UK	GB
BRITAIN	GB
BRITAIN UK	GB
BRIT ANTAR TER	AQ
BRIT CAMEROONS	CM
BRIT CENTR NEW GUINEA	PG
BRIT COLOMBIA	CA
BRIT COLUMBIA	CA
BRIT E AF	KE
BRIT E AFRICA	KE
BRIT E AFRICA!	KE
BRIT E AFRICA	KE
BRIT E AFRICA KENYA COLONY	KE
BRIT E AFRICA KENYA DISTRICT	KE
BRIT E AFRICA KENYA	KE
BRIT EAST AFRICA	KE
BRIT EAST AFRICA KENYA	KE
BRIT GUIANA	GY
BRIT GUIANA LOCALITY DOUBTFUL	GY
BRIT HOND BÉLIZE	BZ
BRIT HOND	BZ
BRIT HONDURAS BELIZE	BZ
BRIT HONDURAS	BZ
BRITISH CAMEROONS	CM
BRITISH COLUMBIA CANADA	CA
BRITISH E AFRICA	KE
BRITISH EAST AFRICA	KE
BRITISH EAST AFRICA KENYA	KE
BRITISH GUIANA	GY
BRITISH HONDURAS BELIZE	BZ
BRITISH HONDURAS	BZ
BRITISH N BORNEO	MY
BRITISH NEW GUINEA	PG
BRITISH NORTH BORNEO	MY
BRITISH SAMOA	WS
BRITISH VIRGIN IDS	VG
BRITISH VIRGIN ID	VG
BRITISH VIRGIN ISLANDS	VG
BRITISH VIRGIN ISLS	VG
BRITISH VRIGIN IDS	VG
BRIT N BORNEO	MY
BRIT NEW GUINEA	PG
BRIT N GUINEA	PG
BRIT SOUTH AFRICA	ZA
BRIT W INDIES ANTIGUA I	AG
BRIT W INDIES ANTIGUA IS	AG
BRIT W INDIES BARBUDA I	AG
BRIT W INDIES BARBUDA IS	AG
BRIT W INDIES BEQUIA IS	VC
BRIT W INDIES DOMINICA I	DM
BRIT W INDIES DOMINICA IS	DM
BRIT W INDIES GRAND CAYMAN I	KY
BRIT W INDIES GRENADA I	GD
BRIT W INDIES GRENADA IS	GD
BRIT W INDIES GUADELOUPE I	GP
BRIT W INDIES JAMICA	JM
BRIT W INDIES STA LUCIA IS	LC
BRIT W INDIES STA LUCIA	LC
BRIT W INDIES ST LUCIA I	LC
BRIT W INDIES ST VINCENT IS	VC
BRIT W INDIES ST VINCENT I	VC
BRIT W INDIES TOBAGO ISLAND	TT
BRIT W INDIES TOBAGO IS	TT
BRIT W INDIES TOBAGO I	TT
BRIT W INDIES TOBAGO	TT
BRIT W INDIES TRINIDAD	TT
BR JAMAICA	JM
BRN	BN
BR NEW GUINEA	PG
BROOK I OR MIDWAY	CA
BR S AFRICA	ZA
BRÉSIL	BR
BR T GUIANA	GY
BRT GUIANA	GY
BRUGELETTE BELGIUM	BE
BRUGGE BELGIUM	BE
BRUNEI	BN
BRUNEI DARSM	BN
BRUNEI DARUSSALAM	BN
BRUNEIDARUSSALAM	BN
BRUNÉI	BN
BRUSSEL BELGIUM	BE
BRUSSELS BELGIUM	BE
BRUXELLES	BE
BR VIRGIN IS	VG
BR WEST INDIES TOBAGO	TT
BR W INDIES TOBAGO I	TT
BR W INDIES TOBAGO	TT
BTN	BT
BUFFALO NEW YORK USA	US
BUGGENHOUT BELGIUM	BE
BUGUEY CAGAYAN PHILIPPINES	PH
BULGARIA	BG
BULGARIE	BG
BULG	BG
Bundesrepublik Deutschland	DE
BURGARIJE	BG
BURKINA	BF
BURKINA FASO	BF
BURKINAFASO	BF
BURKINA FASO PLATEAU CENTRAL	BF
BURKINAFASO PROVINCE DU PASSORÃ	BF
BURKINA FASO ZONE SAHEL AMP SOUDANOSAHEL	BF
BURKINO FASO	BF
BURMA	MM
BURMA MYANMAR	MM
BURMA NO LONGER EXISTS	MM
BURMINGHAM ENGLAND	GB
BURNT CREEK CANADIAN FAR NORTH	CA
BURTON LAKE ANTARTICA	AQ
BURUNDI	BI
BURUNDI CRÃªTES ZAÃRENIL	BI
BURUNDI KIRIMIRONORD	BI
BURUNDI OCCIDENTAL	BI
BUTÁN	BT
BVT	BV
BWA	BW
BWAMANDA ZAIRE	CD
B W INDIES ST VINCENT	VC
B W I TRINIDAD	TT
CABINDA	AO
CABO VERDE	CV
CABRERA ISLAND	ES
CAF	CF
CAGLIARI ITALY	IT
CAIRO EGYPT	EG
CALIFORNIA	US
CALIFORNIA USA	US
CALIFORNIÃ	US
CALLENELLE BELGIUM	BE
CAL	US
CAÏMANS ÎLES	KY
CAMAROON	CM
CAMAROONS	CM
CAMBERENE SENEGAL	SN
CAMBODGE	KH
CAMBODIA	KH
CAMBODJA	KH
CAMBOGE	KH
CAMBOYA	KH
CAMBRIDGE UK	GB
CAM	CM
CAMERÚN	CM
CAMEROON	CM
CAMEROON HIGHLANDS	CM
CAMEROON N	CM
CAMEROON NORTH	CM
CAMEROON PROBABLY	CM
CAMEROON S	CM
CAMEROONS	CM
CAMEROON WEST	CM
CAMEROUN	CM
CAMEROUN NORDEST	CM
CAMEROUN PROVINCE DU NORDOUEST PEUPLE FULANI	CM
CAMPINAS BRAZIL	BR
CANADA ALBERTA COLD CREE	CA
CANADA ALBERTA PROSPECT CREE	CA
CANADA	CA
CANADA CAVEN LAK	CA
Canada:New Brunswick, Charlotte Co., St. Andrews	CA
CANADA ONTARIO	CA
CANADA USA	CA
CANADÁ	CA
CANAD	CA
CANADIAN FAR NORTH	CA
CANAL ZONE	PA
CANAL ZONE PANAMA	PA
CANARY IDS	ES
CANARY I	ES
CANARY IS	ES
CANARY ISLAND	ES
CANARY ISLANDS	ES
Canary Islands (Spain)	ES
CANARY ISL	ES
CANAS PUERTO RICO	PR
CAN BR COLUM	CA
CAN	CA
CANDA	CA
C ANGOLA	AO
CAN MARITIMS	CA
CAN NEWFOUNL	CA
CANOE BEACH TEMA GHANA	GH
CAN QUEBEC	CA
CAPE COLONY	ZA
CAPE VERDE	CV
CAPEVERDE	CV
CAPE VERDE IDS	CV
CAPE VERDE IS	CV
CAPE VERDE ISLANDS	CV
CAPOY SORSOGON SORSOGON PHILIPPINES	PH
CAP VERDE ISLANDS	CV
CAP VERT	CV
CARANISCHE EILANDEN	ES
CARDIFF WALES	GB
CARGADOS CARAJOS	MU
CARIMAGUA COLOMBIA	CO
CAROLINE I	FM
CAROLINE IS	FM
CAROLINE ISLANDS	FM
CAROLINES	FM
CASIGAN NARRA PALAWAN PHILIPPINES	PH
CAUCASUS RUSSIA	RU
CAUGHT OFF THE NORTH CAPE OF NORWAY	NO
C AUSTRALIA	AU
CAYMAN IDS	KY
CAYMAN IS	KY
CAYMAN ISLANDS	KY
CAYMAN	KY
CAYMEN IDS	KY
C BOLIVIA	BO
C CHILE	CL
CCK	CC
C D MADAGASCAR	MG
C ECUADOR	EC
CELEBES	ID
C E MADAGASCAR	MG
CEN BOLIVIA	BO
CEN MEXICO	MX
CENT AFR REP	CF
CENT AUSTRALIA	AU
CENT BOLIVIA	BO
CENTER AUSTRALIA	AU
CENTER BOLIVIA	BO
CENTER E MADAGASCAR	MG
CENTER MADAGASCAR	MG
CENTER OF MADAGASCAR	MG
CENTER S MADAGASCAR	MG
CENTER S W MADAGASCAR	MG
CENT GERMANY	DE
CENT MADAGASCAR	MG
CENT MAROCCO	MA
CENT MOROCCO	MA
CENTRAFRICAINE RÉPUBLIQUE	CF
CENTRAFRICAN REPUBLIC	CF
CENTRAFRICA REPUBLIC	CF
CENTRAFRIQUE	CF
CENTRAL AFGHANISTAN	AF
CENTRAL AFRICAN REP	CF
CENTRAL AFRICAN REPUBLIC	CF
CENTRAL AFRICA REPUBLIC	CF
CENTRAL AUSTRALIA	AU
CENTRAL BOLIVIA	BO
CENTRAL CHILE	CL
CENTRAL CROPS RESEARCH STATION CLAYTON NORTH CAROLINA USA	US
CENTRAL DUTCH NEW GUINEA	ID
CENTRAL DUTCH N GUINEA	ID
CENTRAL E MADAGASCAR	MG
CENTRAL EXPERIMENTAL FARM OTTAWA ONTARIO CANADA	CA
CENTRAL GUATEMALA*	GT
CENTRAL GUATEMALA	GT
CENTRAL ITALY	IT
CENTRAL JAVA INDONESIA	ID
CENTRAL LITHUANIA	LT
CENTRAL MADACASCAR	MG
CENTRAL MADAGASCAR	MG
CENTRAL MOROCCO	MA
CENTRAL PERU	PE
CENTRAL S E MADAGASCAR	MG
CENTR AUSTRALIA	AU
CENTR BOLIVIA	BO
CENTR BR S AFRICA	ZA
CENTR DU NEW GUINEA	ID
CENTRE AFRIQUE RÃGION DE LA LOBAYE OUBANGICHARI	CF
CENTRE E COAST MADAGASCAR	MG
CENTRE MADAGASCAR	MG
CENTR ITALY	IT
CENTR MADAGASCAR	MG
CENTR MOROCCO	MA
CENTRO COAST E MADAGASCAR	MG
CENTR RUSSIA	RU
CENTR SPAIN	ES
CENTR TUNIS	TN
CENTR WEST AUSTRALIA	AU
CENT SPAIN	ES
CERNIKA	SI
CEYLON	LK
CEYLON SRI LANKA	LK
CF ZAIRE	CD
CHAD	TD
CHAGOS ARCHIPELAGO	IO
CHAGOS IS	IO
CHALK REGION KENT UK	GB
CHANNEL IS	GB
CHANNEL ISLANDS	GB
CHANNEL ISLANDS UK	GB
CHANNEL ISL	GB
CHARENTES MARITIMES FRANCE	FR
CHARLEROI BELGIUM	BE
CHARLEVILLE FRANCE	FR
CHATHAM I E OF NEW ZEALAND	NZ
CHATHAM I OR N Z	NZ
CHATHAM IS	NZ
CHE	CH
CHECH REPUBLIC	CZ
CHESAPEAKE BAY MARYLAND USA	US
CHETNEY MARSHES KENT UK	GB
CHICAGO USA	US
CHIEMSEE BAVARIA GERMANY	DE
CHILE	CL
CHILES	CL
CHILI	CL
CHIMAY	BE
CHINA BY INFERENCE	CN
CHINA	CN
CHINA KITAY	CN
CHINA MAIN	CN
CHINA PR	CN
CHINE	CN
CHINEESTURKESTAN	CN
CHIPRE	CY
CHL	CL
CHLLE	CL
CHN	CN
CHRISTMAS I	CX
CHRISTMAS ID	CX
CHRISTMAS ÎLE	CX
CHYPRE	CY
CINCINNATI USA	US
C ITALY	IT
CITY AIRPORT GUATEMALA	GT
CIUDAD DEL VATICANO	VA
CIV	CI
CLARKE RESERVATION NEW YORK USA	US
CLERMONTFERRAND	FR
CLEVELAND USA	US
CLINKER GULCH SOUTH SANDWICH ISLANDS	GS
CLIPPERTON ID	FR
CLIPPERTON I	FR
CLIPPERTON IS	FR
CLIPPERTON ISLAND	FR
C MADAGASCAR	MG
C MAROCCO	MA
C MOROCCO	MA
C MORROCCO	MA
CMR	CM
COAS OF LIBERIA	LR
COAST E MADAGASCAR	MG
COAST N E MADAGASCAR	MG
COAST OF AUSTRALIA	AU
COAST OF BELGIUM CONGO	CD
COAST OF CHILE	CL
COAST OF KENYA COLONY	KE
COAST OF PERU	PE
COAST OF S E AUSTRALIA	AU
COAST OF VENEZUELA	VE
COAST OF W COLOMBIA	CO
COAST OF W ECUADOR	EC
COAST OF W SUMATRA	ID
COAST S E MADAGASCAR	MG
COAST S W MADAGASCAR	MG
COAST W SUMATRA	ID
COCOS I CR	CC
COCOS IDS	CC
COCOS IS	CC
COCOS ISLAND OFF PANAMA	CR
COCOS ISLANDS	CC
COCOS ISL	CC
COCOS KEELING ÎLES	CC
COD	CD
COG	CG
COK	CK
COLCHESTER ENGLAND	GB
COL	CO
COLL	CO
COLMAR FRANCE	FR
COLMBIA	CO
COLO	CO
COLOMBIA	CO
COLOMBIA TER	CO
COLOMBIE	CO
COLOM	CO
COLOMIA	CO
COLORADO SPRINGS COLORADO USA	US
COLORADO	US
COLORADO USA	US
COLUMBA	CO
COLUMBIA	CO
COLUMBIEN	CO
C O MADAGASCAR	MG
COM	KM
COMMANDER ISLAND	RU
COMMANDER ISLANDS	RU
COMMANDER ISLDS	RU
COMMANDER ISLES	RU
COMMANDER IS	RU
COMMONWEALTH OF THE BAHAMAS	BS
COMMONWEALTH OF THE NORTHERN MARIANA ISLANDS	MP
COMMONWEALTH OF THE NORTHERN MARIANA IS	MP
COMORAS	KM
COMOREN ISL	KM
COMORES	KM
COMORO IS	KM
COMORO ISLANDS	KM
COMORO IS OFF E AFRICA	KM
CONGO AFRICA	CD
CONGO BELGE	CD
CONGO BELGE RÃP DÃMOCRATIQUE DU CONGO	CD
CONGO BELGIAN	CD
CONGO BRAZZAVILLE	CG
CONGO	CG
Congo, Democratic Rep. Of	CG
CONGO DEMOCRATIC REPUBLIC	CD
CONGO DEM REP	CD
Congo Dem Rp	CD
CONGO DR	CD
CONGO FREE STATE	CD
CONGO KINSHASA	CD
CONGOKINSHASA	CD
CONGO LA RÉPUBLIQUE DÉMOCRATIQUE DU	CD
CONGO LEOPOLDVILLE	CD
CONGOLEOPOLDVILLE	CD
CONGO REP	CG
CONGO REPUBLIC	CG
CONGO RÃP POPULAIRE DU CONGO	CG
CONGO RUPUBLIC	CG
CONNECTICUT USA	US
CONN	US
CONTREXEVILLE PAVILLON SPRING FRANCE	FR
COOK IS	CK
COOK ISLAND	CK
COOK ISLANDS	CK
COOKISLANDS	CK
COOK ISL	CK
COOK ÎLES	CK
COOS COUNTRY OREGON USA	US
COPENHAGEN DENMARK	DK
CORAL SEA AUSTRALIA	AU
COREA DEL NORTE	KP
COREA DEL SUR	KR
COREA	KR
CORÉE DU NORD	KP
CORÉE DU SUD	KR
CORÉE RÉPUBLIQUE DE	KR
CORÉE RÉPUBLIQUE POPULAIRE DÉMOCRATIQUE DE	KP
CORINTH GREECE	GR
CORSICA	FR
CORSICA FRANCE	FR
CORSICA I	FR
CORTEZ BANKS	US
CORTEZ BANK	US
COSICA	FR
COSTA DE MARFIL	CI
COSTA R	CR
COSTA RICA	CR
COSTARICA	CR
COSTA RICO	CR
COSTA ROCA	CR
COSTI RICA	CR
COTE D	CI
COTE D IVOIRE	CI
COTE DIVOIRE	CI
COTEDIVOIRE	CI
COTE DIVOIRE IVORY COAST	CI
C PERU	PE
CPV	CV
C R	CR
CRETE	GR
CRETE GREECE	GR
CRI	CR
CROACIA	HR
CROATIA	HR
CROATIA HRVATSKA	HR
CROATIE	HR
CROIX SCAILLE BELGIUM	BE
CROIXSCAILLE BELGIUM	BE
CROYDON UK	GB
CROZET ISLANDS	TF
CROZET IS	TF
C RUSSIA	RU
CRYSTAL LAKE ILLINOIS USA	US
C S AUSTRALIA	AU
C SIBERIA	RU
CÔTE D IVOIRE	CI
CÃTE DIVOIRE	CI
CÃTE SAINT ANDRÃ FRANCE	FR
CUBA	CU
CUB	CU
CULAPE LUCBAN QUEZON PHILIPPINES	PH
CURAÃAO	CW
CURAÇAO	CW
CURAÏAO	CW
CURAÃAO I	CW
CURAÏAO I	CW
CURACAO	CW
CURACAO I	CW
CURACAO ISLAND	CW
CURACOS	CW
CURAO	CW
CÃVENNES FRANCE	FR
CXR	CX
CYM	KY
CYP	CY
CYPRUS	CY
CZECHIA	CZ
CZECH REP	CZ
CZECH REPUBLIC	CZ
CZECH RUPUBLIC	CZ
CZE	CZ
DAHOMEY	BJ
DAKAR BEL AIR SENEGAL	SN
DALLAS USA	US
DANDERYD SWEDEN	SE
DANEMARK	DK
DANMARK	DK
DAQING VALLEY TONGLIAO MONGOLIA CHINA	MN
DARESSALAAM	TZ
DARTMOOR UK	GB
DAVIS CALIFORNIA USA	US
DAVIS STRAIT	GL
DDR	DE
DEAD SEA	IL
DEAD SEA ISRAEL	IL
D EAST INDIES	ID
DEATH VALLEY CALIFORNIA USA	US
DE BLANKAART BELGIUM	BE
DEE RIVER CHESHIRE UK	GB
DEHLI INDIA	IN
D E IND	ID
D E INDIES	ID
D E INDIES N E SUMATRA	ID
DELFT THE NETHERLANDS	NL
DELTA AREA EGYPT	EG
DEMARARA	GY
DEMOCRATIC PEOPLES REPUBLIC OF KOREA	KP
Democratic Republic Congo	CD
DEMOCRATIC REPUBLIC OF CONGO	CD
DEMOCRATIC REPUBLIC OF THE CONGO	CD
DEMOCRATIC YEMEN	YE
DEM REP CONGO	CD
DEM REP OF CONGO	CD
DENEMARKEN	DK
DEN HAAG THE NETHERLANDS	NL
DENMARK	DK
DENMARK FAEROE ISLANDS	FO
DENMARK GREENLAND	GL
DEPT BACT COUNTY HOSPITAL GYULA HUNGARY	HU
DESERT ALGERIA	DZ
DEU	DE
DEUTSCHLAND	DE
DEUX SÃVRES FRANCE	FR
D GUIANA INTERIOR OF SURINAM	SR
D GUIANA	SR
D GUIANA SURINAM	SR
D GUIANA SUR	SR
D GUINEA	SR
DIABALI NIONO MALI	ML
DIEULOUARD FRANCE	FR
DIEU LOUARD MEURTHE ET MOSELLE FRANCE	FR
DINAMARCA	DK
DIST N CENTRAL GUINEA	PG
DIWANIYAH QADISYA AREA IRAQ	IQ
DJIBOUTI	DJ
DJI	DJ
DMA	DM
D NEW GUINEA	ID
DNK	DK
DOEL BELGIUM	BE
DOM	DO
DOMICAN REPUBLIC	DO
DOMINICA	DM
DOMINICAINE RÉPUBLIQUE	DO
DOMINICA ISLAND	DM
DOMINICA I W I	DM
DOMINICAN REPEBLIC	DO
DOMINICAN REPUB	DO
DOMINICAN REPUBLIC	DO
DOMINICANREPUBLIC	DO
DOMINICAN REUBLIC	DO
DOMINICAN RP	DO
DOMINIQUE	DM
DOMMICAN REPUBLIC	DO
DORO WAKAYAMA PREF JAPAN	JP
DOUALA CAMEROON	CM
DOWNE UK	GB
DRC	CD
D R CONGO	CD
DR CONGO	CD
DREISAM RIVER FREIBURG GERMANY	DE
DRESUND DENMARK	DK
DROC	CD
DROGENBOS BELGIUM	BE
DRONNING MAUD LAND	AQ
DUBLIN IRELAND	IE
DUCIE ISLAND	PN
DU GUIANA	SR
DUISTLAND	DE
DUITLAND	DE
DUKE OF YORK ISLAND	PG
DU NEW GUINEA	ID
DURHAM USA	US
DUTCH EAST INDIES	ID
DUTCH E INDIES	ID
DUTCH GUIANA INTERIOR OF SURINAM	SR
DUTCH GUIANA	SR
DUTCH GUIANA SURINAM	SR
DUTCH GUINEA	ID
DUTCH NEW GUINEA	ID
DUTCH N GUINEA	ID
DUTCH WEST INDIES	ZZ
D WEST INDIES SANTO DOMINGO	DO
DZA	DZ
E ALGERIA	DZ
E ANGOLA	AO
EAST AUSTRALIA	AU
EAST BOLIVIA	BO
East Burma	MM
EAST CHINA	CN
EAST COAST OF BARBADOS B W I	BB
EAST COAST OF MADAGASCAR	MG
EAST COAST OF ST VINCENT B W I	VC
EAST CUBA	CU
EAST ECUADOR	EC
EASTER ECUADOR	EC
EASTER I	CL
EASTER ISLAND	CL
EASTER ISL	CL
EASTERN AUSTRALIA	AU
EASTERN ECUADOR	EC
EASTERN EGYPT	EG
EASTERN KAVANGO NAMIBIA	NA
EASTERN PANAMA	PA
EAST GERMANY	DE
EAST INDIA	IN
EAST MALAYSIA	MY
EAST OF AUSTRALIA	AU
EAST OF BORNEO	ID
EAST OF NEW ZEALAND	NZ
EAST OF SPAIN	ES
EAST OF SUMATRA	ID
EAST PANAMA	PA
EAST PERU	PE
EAST POLYNESIA	PF
EAST RUSSIA	RU
EAST SIDE OF BARBADOS B W I	BB
EAST SUMATRA	ID
EAST TURKEY	TR
E AUSTRALIA	AU
EAUSTRALIA	AU
E AUSTRIA	AT
E BELGIAN CONGO	CD
E BHUTAN	BT
E BOLIVIA	BO
EBOLIVIA	BO
E BORNEO	ID
E BRAZIL	BR
E CAMEROONS	CM
E CANADA	CA
E CANARY IS	ES
E CANARY ISLAND	ES
E CAROLINE IS	FM
ECAUDOR	EC
EC CF	EC
E C DU NEW GUINEA	ID
EC	EC
E CEN SUMATRA	ID
E CENT MADAGASCAR	MG
E CENTRAL DUTCH NEW GUINEA	ID
E CENTR SUMATRA	ID
E C MADAGASCAR	MG
E COAST MADAGASCAR	MG
E COLOMBIA	CO
E CONGO	CG
ECUADOR	EC
ECUADOR GALAPAGOS ISLANDS	EC
ECUA	EC
E CUBA	CU
ECU	EC
EDINBURGH UK	GB
EDOMINICA	DM
E ECAUDOR	EC
E ECUADOR	EC
E EGYPT	EG
EEKLO BELGIUM	BE
E ERN CENT D NEW GUINEA	ID
E ERN ECUA	EC
EERNEGEM GISTEL BELGIUM	BE
E ERN PANAMA	PA
E ERN PAN	PA
E ERU PANAMA	PA
E FALKLAND I	FK
E FALKLAND IS	FK
E FIJI IS	FJ
EGEM BELGIUM	BE
EGIPTO	EG
E GREENLAND	GL
EGY	EG
EGYPTE	EG
EGYPT	EG
EHIME JAPAN	JP
E IND I	ID
EIRE	IE
EKHO LAKE VESTFOLD HILLS EAST ANTARCTICA	AQ
EL FAU SUDAN	SD
ELLIGNIES BELGIUM	BE
Ellás	GR
EL OBEID SUDAN	SD
EL SALVADOR	SV
ELSALVATOR	SV
EL SALVODOR	SV
E MADAGASCAR	MG
E MALAY PEN	MY
E MEXICO	MX
EMIGRATION CANYON SALT LAKE CITY UTAH USA	US
EMIRATOS ÁRABES UNIDOS	AE
E MOROCCO	MA
EMPIRE CENTRAFRICAIN RÃPUBLIQUE CENTRAFRICAINE	CF
ENG	GB
ENGLAND	GB
ENGLAND GREAT BRITAIN	GB
ENGLAND NORTH WALES	GB
ENGLAND UK	GB
ENGL	GB
ENGLISH	GB
E OF AUSTRALIA	AU
E OF AUSTRALIAN	AU
E OF AUSTR	AU
E OF BORNEO	PG
E OF E AUSTRALIA	AU
E OF N BORNEO	ID
E OF N GUINEA	PG
E OF SPAIN	ES
E OF SUMATRA	ID
E PANAMA	PA
E PERU	PE
EPHESUS TURKEY	TR
EPIRUS GREECE	GR
E POLYNESIA	PF
EPOLYNESIA	PF
E POLYNESIA SOCIETY IS	PF
EQ GUINEA	GQ
EQUADOR	EC
EQUAT GUINEA	GQ
EQUATORIAL GUINEA	GQ
EQUATORIALGUINEA	GQ
ERI	ER
ERITHREA	ER
ERITREA	ER
ERNAKULUM INDIA	IN
ERQUELINES BELGIUM	BE
E RUSSIA	RU
ERYTHRÃE	ER
E & S AUSTRALIA	AU
ESBJERG DENMARK	DK
E SCOTLAND	GB
ESH	EH
E SIBERIA	RU
ESLOVAQUIA	SK
ESLOVENIA	SI
ESPAÑA	ES
ESPAGNE	ES
Espanha	ES
ESP	ES
ESSLINGEN GERMANY	DE
Estados Unidos de América	US
ESTADOS UNIDOS	US
EST	EE
ESTONIA	EE
ESTONIA USSR	EE
ESTONIE	EE
E SUMATRA	ID
ET ABESSINIE	ET
ETH	ET
ETHIOPA	ET
ETHIOPIA	ET
ETHIOPIE CENTRALE	ET
ETHIOPIE	ET
ETHIOPIE NORDEST RÃGION DU GONDAR	ET
ETHIOPIE VALLÃE DE LAWASH	ET
ETHIPOIA	ET
ETIOPÍA	ET
E TUNESIA	TN
EUADOR	EC
E.U.A.	US
EUCADOR	EC
EU FRANCE	FR
E UNITED STATES	US
E U S A	US
EVIAN CACHAT SPRING FRANCE	FR
EVIDENTLY BRITISH NEW GUINEA	PG
E W MADAGASCAR	MG
EXETER UK	GB
EXICO	MX
EXT ILLEG N MADAGASCAR	MG
FAEROE IS	FO
FAEROE ISLANDS	FO
FAEROE ISL	FO
FALKLAND IDS	FK
FALKLAND I	FK
FALKLAND IS	FK
FALKLAND ISLAND	FK
FALKLAND ISLANDS AND DEPENDENCIES	FK
FALKLAND ISLANDS	FK
FALKLAND ISLE	FK
FALKLAND ISL	FK
FALKLAND ÎLES MALVINAS	FK
FALKLANDS	FK
FAROE	FO
FAROES	FO
FAUQUIER COUNTY VIRGINIA USA	US
F CAMEROON	CM
FÉDÉRATION DE RUSSIE	RU
FEDERAL REPUBLIC GERMANY	DE
FEDERAL REPUBLIC OF GERMANY	DE
FEDERAL REPUBLI	DE
FEDERATED STATE OF MICRONESIA	FM
FEDERATED STATES MICONESIA	FM
FEDERATED STATES OF MICONESIA	FM
FEDERATED STATES OF MICRONESIA CAROLINE ISLANDS	FM
FEDERATED STATES OF MICRONESIA	FM
FEDERATIVE REPUBLIC OF BRAZIL	BR
FED STATE MICRONESIA	FM
FEDSTATES OF MICRONESIA	FM
FED ST MICRONESIA	FM
F GUIANA	GF
FIDJI	FJ
FIGI IS	FJ
FIGI ISLANDS	FJ
FIJI	FJ
FIJI I	FJ
FIJI I S	FJ
FIJI IS	FJ
FIJI ISLAND	FJ
FIJI ISLANDS	FJ
FIJI ISLANT	FJ
FIJIS	FJ
FILIPINAS	PH
FIN	FI
FINISTÃRE FRANCE	FR
FINLANDE	FI
FINLAND	FI
FINLANDIA	FI
FIYI	FJ
FJI	FJ
FJORDS NORWAY	NO
FLANNAN ISLES SCOTLAND	GB
FLK	FK
FLOREFFE	BE
FLORIDA EVERGLADES USA	US
FLORIDA	US
FLORIDA USA	US
FORMER USSR
FORMOSA	TW
FOROYAR	FO
FORT PRINCE OF WALES HUDSON BAY CANADA	CA
FRA	FR
França	FR
FRANCE	FR
France, French Republic	FR
FRANCE PROGIL LAB	FR
FRANCE SW	FR
FRANCIA	FR
FRANEC	FR
FRANKCE	FR
FRANKLIN CITY CHESAPEAKE BAY USA	US
Frankrijk	FR
FR CAMEROON	CM
FRDERIKSBERG COPENHAGEN DENMARK	DK
FREEHOLD NEW YERSEY USA	US
FREIBURG GERMANY	DE
FREISING GERMANY	DE
FRENCH ANTARCTIC TERRITORY	AQ
FRENCH CAMEROON	CM
french congo	CG
FRENCH GUIANA	GF
FRENCHGUIANA	GF
FRENCH GUINEA	GF
FRENCH GUYANA	GF
FRESNO COUNTY CALIFORNIA USA	US
FR	FR
FR GUIANA	GF
FRIJI IS	FJ
FRMARQUESAS ISLANDS	PF
FRNCE	FR
FRO	FO
FÉROÉ ÎLES	FO
FR POLYNESIA	PF
FRÃVENT FRANCE	FR
FRYDEKMISTEK CZECHOSLOVAKIA	CZ
FRYDEKMISTEK CZECH REPUBLIC	CZ
FSM	FM
FTVALLEY USA	US
FUENTEVENTURA	ES
FUERTEVENTURA	ES
FUJI IS	FJ
FULANGA I	FJ
FUTUNA	WF
FUZHOU CHINA	CN
GAB	GA
GABÓN	GA
GABON	GA
GALAPAGO I	EC
GALAPAGO IS	EC
GALAPAGOS ARCH	EC
GALAPAGOS	EC
GALAPAGOS IDS	EC
GALAPAGOS I	EC
GALAPAGOS IS	EC
GALAPAGOS ISLAND	EC
GALAPAGOS ISLANDS	EC
GALAP IS	EC
GALAPOGOS	EC
GAL EX	EC
GALICIA	ES
GALPAGOS	EC
GAMBIA	GM
GAMBIA THE	GM
GAMBIE	GM
GAMBIER ISL	CA
GANSU REPUBLIC OF CHINA	CN
GBR	GB
GEEL BELGIUM	BE
GEMBLOUX BELGIUM	BE
GENAPPE BELGIUM	BE
GEO	GE
GEORGIA ATLANTA USA	US
GEORGIA	GE
GEORGIA USA	US
GEOTHERMAL AREA ICELAND	IS
GERAARDSBERGEN BELGIUM	BE
GER	DE
GERMAN DR NO LONGER EXISTS	DE
GERMAN NEW GUINEA	PG
GERMAN N GUINEA	PG
GERMANY CAPTIVE	DE
GERMANY	DE
GERMANY EAST GERMANY	DE
GERMANY FEDERAL REPUBLIC OF	DE
GERMANY WEST	DE
GERMANY WEST GERMANY	DE
GERMAY	DE
GERM	DE
GERM N GUINEA	PG
GER NEW GUINEA	PG
GEYSIR ICELAND	IS
GGY	GG
GHA	GH
GHANA	GH
GHENT BELGIUM	BE
GIB	GI
GIBRALTAR	GI
GIESSEN GERMANY	DE
GIJZENZELE BELGIUM	BE
GILBERT ISLANDS	KI
GIN	GN
GIPPSLAND NEW ZEALAND	NZ
GISHA BURUNDI	BI
GLP	GP
GMB	GM
GNB	GW
GNOWANGERUP WEST AUSTRALIA	AU
GNQ	GQ
GONTRODE BELGIUM	BE
GÉORGIE DU SUD ET LES ÎLES SANDWICH DU SUD	GS
GÉORGIE DU SUD	GS
GÉORGIE	GE
GOSSELIES BELGIUM	BE
Gotland	SE
GOUGH I	SH
GRANADA	GD
GRAN CANARY I	ES
GRAND BAHAMA IS	BS
GRAND BAHAMA ISLAND	BS
GRAND BANKS	CA
GRAND CANARY IS	ES
GRAND COMORO I	KM
GRANDE BRETAGNE	GB
GR CANARY I	ES
GR CANARY IS	ES
GRÈCE	GR
GRC	GR
GR COMORO I	KM
GRD	GD
GREAT BAY ESTUARY	US
GREAT BRITAIN	GB
GREAT BRITIAN	GB
GREAT NEWFOUNDLAND BANKS	CA
GREAT SALT LAKE UTAH USA	US
GREAT SALVAGE I	PT
GRECIA	GR
GREECE	GR
GREECE MOST LIKELY	GR
GREELAND	GL
GREENLAND	GL
GRENADA	GD
GRENADA W I	GD
GRENADE	GD
GRENADINE ISLANDS	VC
GRENADINES BRITISH WEST INDIES	VC
GRENADINES B W I	VC
GRENADINES	VC
GRENOBLE FRANCE	FR
GRIFFIN USA	US
GRIGNON FRANCE	FR
GRL	GL
GROENLAND	GL
GROENLANDIA	GL
GÃTEBORG SWEDEN	SE
GTM	GT
GÃTTINGEN GERMANY	DE
GUADALCANAL	SB
GUADALOUPE	GP
GUADALUPE	GP
GUADALUPE IS	MX
GUADELOPE	GP
GUADELOUPE	GP
GUAM	GU
GUAM I	GU
GUANAJUATO MEXICO	MX
GUANGDONG	CN
GUATAMALA	GT
GUATEMALA	GT
GUATÉMALA	GT
GUAYANA FRANCESA	GF
GUERET FRANCE	FR
GUERNESEY	GG
GUERNSEY	GG
GUERNSEY UK	GG
GUF	GF
Guiana Francesa	GF
GUIANA	GY
Guiné-Bissau	GW
GUINEA BISSAU	GW
GUINEA ECUATORIAL	GQ
GUINEA	GN
GUINÉE BISSAO	GW
GUINÉE BISSAU	GW
GUINÃE CONAKRY	GN
GUINÃECONAKRY	GN
GUINÃE CONAKRY RÃG FOUTADJALLON	GN
GUINÃE	GN
GUINÉE	GN
GUINÉE ÉQUATORIALE	GQ
GULF OF ALASKA	US
GULF OF PETER THE GREAT SEA OF JAPAN RUSSIA	RU
GULF OF VENEZUELA	VE
GUM	GU
GUMMA JAPAN	JP
GUÃMÃNÃ FRANCE	FR
GUYANA BRITISH GUIANA	GY
GUYANA	GY
GUYANE FRANÇAISE	GF
GUYANE	GF
GUY	GY
GÃVLE SWEDEN	SE
ÉGYPTE	EG
HABAY LA NEUVE BELGIUM	BE
HADERSLEV JETLAND DENMARK	DK
HAINAULT BELGIUM	BE
HAITÍ	HT
HAITI	HT
HALLE BELGIUM	BE
HALMSTAD SWEDEN	SE
HAMME BELGIUM	BE
HAMMEMILLE BELGIUM	BE
HANNMÃNDEN GERMANY	DE
HANNOVER GERMANY	DE
HARDING KWAZULUNATAL SOUTH AFRICA	ZA
HARROGATE UK	GB
HAÃTI	HT
HAÏTI	HT
HAUTRAGE BELGIUM	BE
HAUT RHIN FRANCE	FR
HAVELOCK NORTH NEW ZEALAND	NZ
HAWAIIAN IDS	US
HAWAIIAN ISLANDS	US
HAWAIIAN ISLES	US
HAWAIIAN ISL	US
HAWAIIAN IS	US
HAWAII ISLES	US
HAWAII IS	US
HAWAII I	US
HAWAII	US
HAWAII USA	US
HAWAÃ	US
HAWKSWORTH MERE WEST YORKSHIRE UK	GB
HAYTE	HT
HAYTI HAITI	HT
HAYTI	HT
HAYT ILLEG	HT
HEARD ET ÎLES MACDONALD ÎLE	HM
HEARD IS	HM
HEBREDES	GB
HEBREDES IS	GB
HEBRIDES	GB
HEBRIDES IS	GB
HEIDELBERG GERMANY	DE
HEILONGJIANG PROVINCE CHINA	CN
HELSINKI FINLAND	FI
HENDERSON I	PN
HENDERSON ISLAND	PN
HENDERSON I S PACIFIC	PN
HERBAL GARDEN KYOTO JAPAN	JP
HERCEGOVINA	BA
HEREDIA	CR
HERMISILLO SONORA MEXICO	MX
HERZEGOVINA	BA
HERZELE BELGIUM	BE
HEVERLEE BELGIUM	BE
HIATI	HT
HIGH LEBANON	LB
HIROO TOKYO JAPAN	JP
HIROSHIMA JAPAN	JP
HIRSHOLM DENMARK	DK
HKG	HK
HMD	HM
HND	HN
HOEGAARDEN BELGIUM	BE
HOEK BELGIUM	BE
HOKKAIDO JAPAN	JP
HOLLAND	NL
HOLSTEIN GERMANY	DE
HOLY LAND	IL
HOLY SEE	VA
HOLZMINDEN GERMANY	DE
HONAN CHINA	CN
HOND	HN
HONDURAS C A	HN
HONDURAS	HN
HONDURAS PROB	HN
HONDURAS REPUBLIC	HN
HONDURES	HN
HONDUROS	HN
HONDURUS	HN
HONGARY	HU
HONG KONG	HK
HONGKONG	HK
HONG KONG SPECIAL ADMINISTRATIVE REGION OF CHINA	HK
HONGRIE	HU
HONOLULU HAWAII USA	US
HORTICULTURAL CROPS RESEARCH STATION CASTLE HAYNE NORTH CAROLINA USA	US
HOSOGI HIROSHIMA JAPAN	JP
HOT CREEK HATCHERY BISHOP CALIFORNIA	US
HOUGHTON UK	GB
HOWLANDBAKER ISL	UM
HOWLAND ISLAND	UM
Hrvatska	HR
HRV	HR
HTI	HT
Hualien Co.	TW
HUDDINGE SWEDEN	SE
HUDSON BAY	CA
HUHEHOT MONGOLIA CHINA	MN
HUNGARIA	HU
HUNGARY	HU
HUNGRÍA	HU
HUN	HU
HVERAGERTHI ICELAND	IS
IAUSTRIA	AT
IBADAN NIGERIA	NG
ICELAND	IS
ICEL	IS
IDAHO USA	US
ID CF	ID
IDN	ID
IEPER BELGIUM	BE
ILES KERGUELEN	TF
ILLEG CONGO	CG
ILLEG MEXICO	MX
ILLEG MOZAMBIQUE	MZ
ILLEG NEW GRENADA	GD
ILLEG W CEYLON	LK
ILLINOIS USA	US
IMN	IM
INACCESIBLE ISLAND	SH
INACCESSIBLE I	SH
INACCESSIBLE ISLAND	SH
INADANOBORITO KAWASAKI KANAGAWA JAPAN	JP
INDE	IN
INDENESIA	ID
INDIA BENGAL	IN
INDIA CA	IN
INDIA	IN
INDIANA	US
INDIAN	IN
INDIA PAKISTAN	PK
IND	IN
INDO CHINA CAMBODIA	KH
INDOCHINA CAMBODIA	KH
INDO CHINA LAOS	LA
INDONESIA	ID
INDONESIA NEW GUINEA ID	ID
INDONESIAN	ID
Indonesien	ID
INDONÉSIE	ID
Inglaterra	GB
INLAND CENTER E MADAGASCAR	MG
INLAND E MADAGASCAR	MG
INLAND S E MADAGASCAR	MG
INLAND S W MADAGASCAR	MG
INT B GUIANA	GY
INT BRIT GUIANA	GY
INT DUTCH GUIANA	SR
INTER BRIT GUIANA	GY
INTER D GUIANA	SR
INTERIOR AUSTRALIA	AU
INTERIOR BR GUIANA	GY
INTERIOR BRIT GUIANA	GY
INTERIORBRIT GUIANA	GY
INTERIOR D GUIANA	SR
INTERIOR D GUIANA SURINAM	SR
INTERIOR GUIANA	GY
INTERIOR OF BOLIVIA	BO
INTERIOR OF BRIT GUIANA	GY
INTERIOR OF D GUIANA	SR
INTERIOR OF D GUIANA SURINAM	SR
INTERIOR OF GUIANA	GY
INTERIOR OF MOROCCO	MA
INTERIOR OF SURINAM D GUIANA	SR
IOT	IO
IOWA	US
IOWA USA	US
IPOH MALAYSIA	MY
IRAK	IQ
IRAN	IR
IRAN ISLAMIC REPUBLIC OF	IR
IRANISLAMICREPUBLICOF	IR
IRAN RÉPUBLIQUE ISLAMIQUE D	IR
IRAQ	IQ
IRELAND	IE
IREL	IE
IRIAN JAYA	ID
IRISH REPUBLIC	IE
IRLANDA	IE
IRLANDE	IE
IRL	IE
IRÁN	IR
IRN	IR
IRQ	IQ
ISABELA PHILIPPINES	PH
ISLA BOUVET	BV
ISLA DEL COCO	CR
ISLA DE MAN	IM
ISLA DE NAVIDAD	CX
ISLAMIC REPUBLIC OF IRAN	IR
ISLANDE	IS
ISLANDIA	IS
ISLAND	IS
ISLAND OF GUAM	GU
ISLAS CAIMÁN	KY
ISLAS COCOS	CC
ISLAS COOK	CK
ISLAS FEROE	FO
ISLAS GEORGIAS DEL SUR	GS
ISLAS HEARDY MCDONALD	HM
ISLAS MALVINAS	FK
ISLAS MARIANAS DEL NORTE	MP
ISLAS MARSHALL	MH
ISLAS PITCAIRN	PN
ISLAS SALOMÓN	SB
ISLAS TURCAS Y CAICOS	TC
ISLAS ULTRAMARINAS DE ESTADOS	UM
ISLAS VÍRGENES BRITÁNICAS	VG
ISLAS VÍRGENES ESTADOUNIDENSES	VI
ISLE OF MAN	IM
ISLE OF MULL SCOTLAND UK	GB
ISL	IS
IS OF DOMINICA	DM
ISOLATED AT TORRY RESEARCH STATION CAUGHT OFF THE NORTH CAPE OF NORWAY	NO
ISRAEL	IL
ISRAÃL	IL
ISRAËL	IL
ISREAL	IL
ISR	IL
ITA	IT
ITALIA	IT
ITALIE	IT
ITALY	IT
ITALY NORTH	IT
ITHACA USA	US
ITURI LES BAHEMA ZAÃRE	CD
ITURI ZAÃRE	CD
IVORY COAST	CI
IVORY COST	CI
IWATA JAPAN	JP
JAKARTA INDONESIA	ID
JAMAICA IS	JM
JAMAICA	JM
JAMAICA WEST INDIES	JM
JAMAICA W I	JM
JAMAÏQUE	JM
JAMCAICA	JM
JAMIACA	JM
JAM	JM
JANIOLLE BELGIUM	BE
JAPAN	JP
JAPANR P CHINA	CN
JAP	JP
JAPÓN	JP
Japão	JP
JAPON	JP
JAVA	ID
JAVA INDONESIA	ID
JAWA	ID
JERSEY	JE
JERUSALEM ISRAEL	IL
JETTE BELGIUM	BE
JEY	JE
JÃNKÃPING SWEDEN	SE
JOHNSTON ATOLL	UM
JOHNSTON I	UM
JORDANIA	JO
JORDANIE	JO
JORDAN	JO
JORDON	JO
JOR	JO
JPN	JP
JUAN DE FUCA STRAIT	CA
JUAN FERNANDEZ IS	CL
JUAN FERNANDEZ ISL	CL
JUAN FERNÏNDEZ	CL
KALIMANTAN	MY
KALMAR SWEDEN	SE
KAMEROON	CM
KAMERUN	CM
KANAGAWA JAPAN	JP
KANAKAKAI HAWAII USA	US
KANARISCHE EILANDEN	ES
KANSAS	US
KANSAS USA	US
KAOLACK SENEGAL	SN
KAPUNDA AUSTRALIA	AU
KAPUNDA AUTRALIA	AU
KAPUNDA NEAR ADELAIDE AUSTRALIA	AU
KARLSKRONA SWEDEN	SE
KARLSRUHE GERMANY	DE
KARLSTAD SWEDEN	SE
KASACHSSR	KZ
KASUMI DISTRICT NUMAZU JAPAN	JP
KATANNING WEST AUSTRALIA	AU
KATASE JAPAN	JP
KAYES MALI	ML
KAZACHSTAN	KZ
KAZAJISTÁN	KZ
KAZAKHISTAN	KZ
KAZAKHSTAN	KZ
KAZAKSTAN	KZ
KAZ	KZ
KENIA	KE
KEN	KE
KENTUCKY	US
KENTUCKY USA	US
KENT UK	GB
KENYA BORDER	KE
KENYA BUSH DES COLLINES	KE
KENYA CHAMU	KE
KENYA CIKUYU MARAGOLI	KE
KENYA COAST	KE
KENYA CO	KE
KENYA COL	KE
KENYA COLONY	KE
KENYA DIST	KE
KENYA DISTRICT	KE
KENYA DISTR	KE
KENYA EMBU GIKUYU KIPSIGIS	KE
KENYA EMBU GIKUYU KISIGIS	KE
KENYA EMBU GIKUYU KISIGIS MERU SAMBURU	KE
KENYA EMBU	KE
KENYA EMBU SAMBURU TURKANA KAMBA GIKUYU	KE
KENYA GABBRA	KE
KENYA GIKUYU MERU	KE
KENYA KAMBA	KE
KENYA	KE
KENYA KIPSIGIS KAMBA EMBU KIPSIGIS	KE
KENYA KIPSIGIS	KE
KENYA LUO EMBU GIKUYU KAMBA KIPSIGIS MASAI	KE
KENYA LUO EMBU KIPSIGIS	KE
KENYA LUO	KE
KENYA MARAGOLI	KE
KENYA MASAÃ AMP KIPSIGIS	KE
KENYA MASAI	KE
KENYA POKOT	KE
KENYA PRAIRIE ET BUSH	KE
KENYA RECETTE PROVENANT DEGYPTE	KE
KENYA RÃGION DU NORD	KE
KENYA SAMBURU	KE
KENYA SAMBURU TURKANA	KE
KENYA SOMALI	KE
KENYA SOUTH	KE
KENYA TURKANA	KE
KERGUELEN ID	TF
KERGUELEN ISLANDS	TF
KERGUELEN ISLAND	TF
KERGUELEN ISLE	TF
KERGUELEN IS	TF
KERGUELEN I	TF
KERGUELEN	TF
KERGUELLAN IS	TF
KERGUELLEN I	TF
KERMADEC I	NZ
KERMADEC ISLANDS	NZ
KERMADEC IS	NZ
KGZ	KG
KHARTOUM SUDAN	SD
KHM	KH
KIEL FJORD BALTIC SEA	DE
KIESSEE GÃTTINGEN GERMANY	DE
KIJAKA ZAIRE	CD
KINANIRA BURUNDI	BI
KINGDOM OF SPAIN	ES
KING GEORGE ISLAND SOUTH SHETLAND ISLANDS ANTARCTICA	AQ
KINSHASA ZAIRE	CD
KIO I	MH
KIRGHIZIE	KG
KIRGHIZISTAN	KG
KIRGHIZSTAN	KG
KIRGIZIYA	KG
KIRG	KG
KIRGSSR	KG
KIRGUISTÁN	KG
KIRGYZIYA	KG
KIRIBATI	KI
KIRIBATI LINE ISL	KI
KIRIBATI REPUBLIC	KI
KIR	KI
KISO DISTRICT NAGANO PREF JAPAN	JP
KIVU BUSHI ZAÃRE RÃPUBLIQUE DÃMOCRATIQUE DU CONGO	CD
KLUANG MALAYSIA	MY
KNA	KN
KNOKKE BELGIUM	BE
KOFU JAPAN	JP
KOGONI NIONO MALI	ML
KONGO	CG
KONGO DU ZAÃRE RÃP DÃMOCRATIQUE DU CONGO	CD
KOOR I	FJ
KOREA D P RP	KP
KOREA	KR
KOREA REP	KR
KOREAREPUBLIC OF	KR
KOREAREPUBLICOF	KR
KOREA SOUTH	KR
KOREASOUTH	KR
KOR	KR
KORNIK	PL
KOSRAE	FM
KOSTI SUDAN	SD
KOTZEBUE SOUND	US
KOWEÏT	KW
KREFELD GERMANY	DE
KRITI	GR
KUANTAN MALAYSIA	MY
KULA HAWAII USA	US
KURILE ISLANDS	RU
KURILE IS	RU
KURIL ISLANDS SEA OF OKHOTSK	RU
KURIL IS	RU
KURILS IS	RU
KURURI CHIBA PREFECTURE JAPAN	JP
KUSAIE IS	FM
KUWAIT	KW
KWATRECHT BELGIUM	BE
KWT	KW
KYOTO JAPAN	JP
KYRGYZSTAN	KG
LABRADOR	CA
LAGOS	NG
LA GRANJA EXPT STATION NEGRON OCCIDENTAL PHILIPPINES	PH
LAJAS VALLEY PUERTO RICO	PR
LA JOLLA CALIFORNIA USA	US
LAKE CHIEMSEE BAVARIA GERMANY	DE
LAKE IJSSELMEER THE NETHERLANDS	NL
LAKE MENDOTA MADISON USA	US
LAKE OF VENERE AT PANTELLERIA ISLAND SOUTH OF SICILY ITALY	IT
LAKE SILBERSEE NÃRNBERG GERMANY	DE
LAKE SODON	US
LALIBELIA ETHIOPIA	ET
LA MARTINIQUE	MQ
LAMIA GREECE	GR
ÅLAND	AX
ÅLAND ÎLES	AX
LANGKLOOF EASTERN CAPE SOUTH AFRICA	ZA
LANZAROTE I	ES
LAO	LA
Lao PDR	LA
LAO RÉPUBLIQUE DÉMOCRATIQUE POPULAIRE	LA
LAOS	LA
LA ROCHELLE FRANCE	FR
LATVIA	LV
LÍBANO	LB
LBN	LB
LBR	LR
LBY	LY
LCA	LC
LEADBURGHATCHERY OREGON USA	US
LEBANON	LB
ÎLE BOUVET	BV
ÎLE CHRISTMAS	CX
ÎLE DE MAN	IM
LEEDS UK	GB
LEEWARD COAST OF ST VINCENT B W I	VC
LEEWARD ISLANDS	KN
LEGON	GH
L EGYPT	EG
ÎLE HEARD	HM
LEICESTER ENGLAND	GB
LEICESTER ENGLAND UK	GB
LEICESTER UK	GB
LEIDEN THE NETHERLANDS	NL
LEIPZIG GERMANY	DE
LEMBERGE BELGIUM	BE
ÎLE NORFOLK	NF
LENYA COL	KE
LEOPOLDSDORF AUSTRIA	AT
ÎLES CAÏMANS	KY
ÎLES COCOS	CC
ÎLES COOK	CK
ÎLES FALKLAND	FK
ÎLES FÉROÉ	FO
ÎLES HEARD ET MACDONALD	HM
ÎLES KEELING	CC
ÎLES ÅLAND	AX
ÎLES MACDONALD	HM
ÎLES MALOUINES	FK
ÎLES MARIANNES DU NORD	MP
ÎLES MARSHALL	MH
ÎLES MINEURES ÉLOIGNÉES DES ÉTATS UNIS	UM
LESOTHO	LS
LESOTO	LS
LES SAINTES	GP
ÎLES SALOMON	SB
ÎLES SANDWICH DU SUD	GS
LESSER ANTARTICA	AQ
LESSER ANTILLES GRENADA	GD
LESSER ANTILLES ST VINCENT	VC
LESSER SUNDA ISL	ID
LESSINES BELGIUM	BE
ÎLES TURKS ET CAÏCOS	TC
ÎLES VIERGES BRITANNIQUES	VG
ÎLES VIERGES DES ÉTATS UNIS	VI
LETONIA	LV
LETTONIE	LV
LEUSDEN THE NETHERLANDS	NL
LEUVEN BELGIUM	BE
L EX RÉPUBLIQUE YOUGOSLAVE DE MACÉDOINE	MK
LIAONING	CN
LIAONING PROVINCE CHINA	CN
LIBAN	LB
LIBANON	LB
LIBERIA	LR
LIBIA	LY
LIBÉRIA	LR
LIBYA	LY
LIBYANARABJAMAHIRIYA	LY
LIBYE	LY
LIECHENSTEIN	LI
LIECHTENSTEIN	LI
LIE	LI
Lietuva	LT
LIKASISUD CONGO	CD
LIMON COSTA RICA	CR
LIMOUSIN FRANCE	FR
LINCOLN NEBRASKA USA	US
LINDHORST HANNOVER GERMANY	DE
LINE ISLANDS	KI
LITHUANIA	LT
LITTLE CARPATHIANS	SK
LITUANIA	LT
LITUANIE	LT
LIVINGSTON ISLAND SOUTH SHETLAND ISLANDS ANTARCTICA	AQ
LIVNO YUGOSLAVIA	BA
LJUBLJANA SLOVENIA	SI
LKA	LK
LÃNKÃPING SWEDEN	SE
LOCKYER VALLEY QUEENSLAND AUSTRALIA	AU
LOGAN UTAH USA	US
LOMMEL BELGIUM	BE
LONDERZEEL BELGIUM	BE
LONDON ENGLAND	GB
LONDON ONTARIO CANADA	CA
LONDON UK	GB
LONG ISLAND USA	US
LOPEZ BOHOL PHILIPPINES	PH
Léopoldville	CD
LORD HOWE I	AU
LORD HOWE IS	AU
LORD HOWE ISLAND	AU
LORD HOWE ISL	AU
LOS ANGELES USA	US
LOS BANOS LAGUNA PHILIPPINES	PH
LOT FRANCE	FR
LOUISIADE I	PG
LOUISIADE IS	PG
LOUISIANA	US
LOUISIANA USA	US
LOUSSIADE I	PG
LOW ANGOLA	AO
LOW COUNTRY BALI	ID
LOW COUNTRY BALI IS	ID
LOW EGYPT	EG
LOWER CALIF	MX
LOWER CALIFORNIA	MX
LOWER CAL	MX
LOWER CONGO	CG
LOWER EGYPT	EG
LOWER HUTT NEW ZEALAND	NZ
LOWER PEGU	PE
LOWR CALIF	MX
LOYALTY ISLANDS	NC
LSO	LS
LTU	LT
LUCTUGAN ROXAS CITY PHILIPPINES	PH
LUDHIANA INDIA	IN
LUND SWEDEN	SE
LUO DU SIAYA KENYA	KE
LUXEMBOURG	LU
LUXEMBURG	LU
LUXEMBURGO	LU
LUX	LU
LVA	LV
LYBIA	LY
LYON FRANCE	FR
MAASLAND THE NETHERLANDS	NL
MACAO	MO
MACAO SPECIAL ADMINISTRATIVE REGION OF CHINA	MO
MACAU	CN
MACÉDOINE L EX RÉPUBLIQUE YOUGOSLAVE DE	MK
MACÉDOINE	MK
MACDONALD COLLEGE QUEBEC CANADA	CA
MACEDONIA	MK
MAC	MO
MACQUARIE I	AU
MACQUARIE IS	AU
MACQUARIE ISLAND ANTARCTICA	AU
MACQUARIE ISLAND	AU
MACQUARIE ISL	AU
MACQUARRIE IS	AU
Madagascar (form. Rep. Malagasy)	MG
MADAGASCAR HAUTSPLATEAUX	MG
MADAGASCAR I	MG
MADAGASCAR	MG
MADAGASCAR SE	MG
MADAGASCAR TANANARIVE	MG
MADAG S W	MG
MADEIRA I	PT
MADEIRA ISLAND	PT
MADEIRA ISLANDS	PT
MADEIRA IS	PT
Madeira (Portugal)	PT
MADEIRA	PT
MADEIRAS	PT
MADERAS ISLANDS	PT
MADERIA IS	PT
MADGASCAR	MG
MADIERA	PT
MADRID AREA SPAIN	ES
MADRID SPAIN	ES
MAFFLE BELGIUM	BE
MAGDALEN ISLDS	CA
MAINE	US
Main Hawaiian Islands	US
MAJORCA	ES
MAJORCA I E OF SPAIN	ES
MAKATKATUIT GUIMBA NUEVA ECIJA PHILIPPINES	PH
MAKE	MK
MALABAR COAST	IN
MALACCA MALAYSIA	MY
MALAGASY REPUBLIC	MG
MALAISIE	MY
MALAITA	SB
MALASIA	MY
MALAUI	MW
MALAWI	MW
MALAWINYASALAND	MW
MALAYA MALAYSIA	MY
MALAYA	MY
MALAYASIA	MY
MALAY PENINSULA	MY
Malaysia/Malaya	MY
MALAYSIA	MY
Malaysia/Sabah	MY
Malaysia/Sarawak	MY
MALAYSIA WEST	MY
MALAY STATES	MY
MALDEGEM BELGIUM	BE
MALDIVAS	MV
MALDIVE ISLANDS	MV
MALDIVES	MV
MALESIA	MY
MALI	ML
MALINAO NARRA PALAWAN PHILIPPINES	PH
MALI RÃGIONS SIKASSO BOUGOUNI	ML
MALLORCA BALEARIC ISLANDS	ES
MALLORCA I E OF SPAIN	ES
MALLORCA I	ES
MALLORCA SPAIN	ES
MALÍ	ML
MALMÃ SWEDEN	SE
MALORCA	ES
MALPELO IS	CO
MALPEO IS	CO
MALTA	MT
MALTE	MT
MALUKU	ID
MANCHESTER UK	GB
MANCHURIA	CN
MANDAPAM INDIA	IN
MANILA PHILIPPINES	PH
MANITOBA	CA
MANITOBA CANADA	CA
MANOORA SOUTH AUSTRALIA	AU
MARIANA ISLANDS	MP
MARIANA IS	MP
MARIANAS ISLANDS	MP
MARIANAS IS	MP
MARIANNE ISLANDS	MP
MARIANNES DU NORD ÎLES	MP
MARIEGALANTE	GP
MARION ISLAND	ZA
MARKE BELGIUM	BE
MAR	MA
MAROCCO	MA
MAROC	MA
MAROUA CAMEROON	CM
MARQUESAS IS FR	PF
MARQUESAS ISLANDS	PF
MARQUESAS IS	PF
MARQUESAS	PF
MARRUECOS	MA
MARSEILLE FRANCE	FR
MARSHALL IDS	MH
MARSHALL ISLANDS	MH
MARSHALL ISL	MH
MARSHALL IS	MH
MARSHALL ÎLES	MH
MARSHALL	MH
MARTIN HOUSE NORTHWEST TERRITORIES CANADA	CA
MARTINICA	MQ
MARTINIQUE FRENCH WEST INDIES	MQ
MARTINIQUE ISLAND	MQ
MARTINIQUE	MQ
MARTINQUE	MQ
MARYLAND USA	US
MASCARENE ISLANDS	MU
MASSACHUSETTS GEORGIA USA	US
MASSACHUSETTS	US
MASSACHUSETTS USA	US
MAUI HAWAII USA	US
MAURETANIA	MR
MAURICE	MU
MAURICIO	MU
MAURITANIA	MR
MAURITANIE	MR
MAURITANIE RÃGION DE CHINGETTI	MR
MAURITIUS ISLAND	MU
MAURITIUS	MU
MAYOTTE	YT
MCO	MC
MDA	MD
MDG	MG
MDV	MV
MEDITERRANEAN SEA ISRAEL	IL
MEIDERA ARCHIPEL	PT
MEIDERA	PT
MELAYSIA	MY
MELBOURNE AUSTRALIA	AU
MELCHIOR ISLANDS	AQ
MELLE BELGIUM	BE
MENAI STRAIT UK	GB
MENTEKAB MALAYA	MY
MERELBEKE BELGIUM	BE
MESLIN LEVêQUE BELGIUM	BE
MES MIDSAYAP NORTH COTABATO PHILIPPINES	PH
MEW ZEALAND	NZ
MEXICAO	MX
MEXICO BY INFE	MX
MEXICO BY INFERENCE	MX
MEXICO D F	MX
MEXICO	MX
MEXICO SOUTHEAST	MX
MEXICP	MX
MEXIQUE	MX
MEX LA PAZ	MX
MEX	MX
MHL	MH
MICHIGAN	US
MICHIGAN USA	US
MICRONESIA FEDERATED STATES	FM
MICRONESIA FEDERATED STATES OF	FM
MICRONESIA	FM
MICRONESIA FS	FM
MICRONESIAFS	FM
MICRONÉSIE	FM
MICRONÉSIE ÉTATS FÉDÉRÉS DE	FM
MIDDENFRANKRIJK	FR
MIDDLE W MADAGASCAR	MG
MID E MADAGASCAR	MG
MID ENG	GB
MIDLAND CENTER W MADAGASCAR	MG
MIDSAYAG NORTH CATABATO PHILIPPINES	PH
MIDWAY ISLANDS	UM
MIDWAY IS	UM
MIDWAY	UM
MIDWEST AUSTRALIA	AU
MID W MADAGASCAR	MG
MIGAYI PREFECTURE JAPAN	JP
MILFORD CONNECTICUT USA	US
MINDEN GERMANY	DE
MINNEAPOLIS USA	US
MINNESOTA	US
MINNESOTA USA	US
MINTER CREEK FISH HATCHERY WASHINGTON STATE USA	US
MI OFF COAST OF NICARAGUA	NI
ÉMIRATS ARABES UNIS	AE
MISSISSIPI RIVER USA	US
MISSOURI USA	US
MITAKA TOKYO JAPAN	JP
MIYAGI PREFECTURE JAPAN	JP
MKD	MK
MLI	ML
MÃLMO SWEDEN	SE
MÃLNDAL SWEDEN	SE
MLT	MT
MMR	MM
MÓNACO	MC
MÃNCHEN GERMANY	DE
MNE	ME
MNG	MN
MNP	MP
MOBARA CHIBA PREF JAPAN	JP
MOBAYI ZAIRE	CD
MOCAMBIQUE	MZ
MOERBEKE BELGIUM	BE
MOJAVE DESERT ROSAMOND CALIFORNIA USA	US
MOLDAVIA	MD
MOLDAVIE	MD
MOLDOVA	MD
MOLDOVA REP	MD
MOLDOVA RÉPUBLIQUE DE	MD
MOLOKAI HAWAII USA	US
MOLRAUW BELGIUM	BE
MOLUCCA ISLANDS	ID
MOLUCCAS	ID
MONACO	MC
MONAUBERT FRANCE	FR
MONGOLIA	MN
MONGOLIE	MN
MONSERRAT	MS
MONTANA USA	US
MONTENEGRO	ME
MONTEREY COUNTY CALIFORNIA USA	US
MONTÉNÉGRO	ME
MONTREUIL FRANCE	FR
MONTSERRAT	MS
MONTST GUIBERT	BE
MOOREA	PF
MOOS GERMANY	DE
MORACCO	MA
MOROCCO	MA
MOROC	MA
MOROCO	MA
MORROCCO	MA
MORROCO	MA
MOSCOW RUSSIA	RU
MOSCWA RIVER FORMER USSR	RU
MOSSAMBIQUE	MZ
MOUNT RITTMANN ANTARCTICA	AQ
MOZAMBIQUE MAPUTO	MZ
MOZAMBIQUE	MZ
MOZ	MZ
MRT	MR
MSR	MS
MTQ	MQ
MTS OF VENEZUELA	VE
MUNANIRA BURUNDI	BI
MUNICH GERMANY	DE
MURRAY BRIDGE SOUTH AUSTRALIA	AU
MUSEO CORRER VENICE ITALY	IT
MUS	MU
MWI	MW
MÉXICO	MX
MYANMAR BURMA	MM
MYANMAR	MM
MYS	MY
MYT	YT
NAGAMILAND	BW
NAGANO PREFECTURE JAPAN	JP
NAGOYA JAPAN	JP
NAIROBI	KE
NAIROBI KENYA	KE
N ALBANIA	AL
N ALGERIA	DZ
NAMAIBIA	NA
NAMBIA	NA
NAMIBIA	NA
NAMIBIA SWA	NA
NAMIBIE	NA
NAM	NA
NANCY	FR
N ANGOLA	AO
NANJING CHINA	CN
Nantou Co.	TW
NARBONNE FRANCE	FR
NARES STRAIT	GL
N ARGENTINA	AR
NASHVILLE USA	US
NATAL	ZA
NAURA ISLAND PACIFIC OCEAN JAPAN	JP
NAURU ISLAND	NR
NAURU	NR
N AUSTRALIA	AU
N AUSTRIA	AT
NAVASSA ID	UM
NAVASSA ISLAND	UM
NAVASSA	UM
N BECHOANALAND	BW
N BECHUANALAND	BW
N BORNEO BRUNEI	BN
N BOUNDRY OF MEXICO	MX
N BRAZIL	BR
N CAMEROON	CM
N CAMEROON HIGHLAND	CM
N CAMEROON HIGHLANDS	CM
N CAMEROONS	CM
N CAROLINA	US
N C AUSTRALIA	AU
N. Celebes	ID
N CENT AUSTRALIA	AU
N CHINA	CN
NCL	NC
N COAST GER NEW GUINEA	PG
N COAST M TS VENEZUELA	VE
N COAST MTS VENEZUELA	VE
N COAST OF VENEZUELA	VE
N COLOMBIA	CO
N CONGO	CG
NDERLAND	NL
N E ALGERIA	DZ
NEAR ALICANTE SPAIN	ES
NEAR AUSTRALIA	AU
NEAR ENGLAND	GB
NEAR GALAPAGOS IS	EC
NEAR HALE CENTER TEXAS USA	US
NEAR HILDENBOROUGH KENT UK	GB
NEAR HUDSON NEW YORK USA	US
NEAR LAKE LERMA MEXICO	MX
NEAR LAKE TAUPO NEW ZEALAND	NZ
NEAR MADEIRA I	PT
NEAR NEUCHÃTEL SWITZERLAND	CH
NEAR NEW ZEALAND	NZ
NEAR NICE FRANCE	FR
NEAR NORDMALUNG SWEDEN	SE
NEAR N ZEALAND	NZ
NEAR PANAMA	PA
NEAR RIVER NISCHENKA MOSCOW REGION FORMER USSR	RU
NEAR SYRACUSE NEW YORK USA	US
NEAR TOKYO JAPAN	JP
NEAR TRISTAN CUNHA	SH
NEAR TUNIS	TN
NEAR VENEZUELA	VE
NEAR ZOTTEGEM BELGIUM	BE
N E AUSTRALIA	AU
N E BORNEO	MY
NE BOSNIAHERZEGOVINA	BA
NEBRASKA	US
NEBRASKA USA	US
N E BRAZIL	BR
N E BRIT NEW GUINEA	PG
N E BR NEW GUINEA	PG
N E CAMEROON	CM
N E CAMEROONS	CM
N E CANADA	CA
N E COAST MADAGASCAR	MG
N E COAST OF D NEW GUINEA	ID
N E COAST VENEZUELA	VE
N ECUADOR	EC
NEDERALND	NL
NEDERBOELARE BELGIUM	BE
Nederland	NL
N E ENGLAND	GB
NEEROETEREN BELGIUM	BE
N E GERMANY	DE
N E GREENLAND	GL
N EGYPT	EG
N E ITALY	IT
N E KOREA	KR
N E MADAGASCAR	MG
N E MOROCCO	MA
N END OF SAN THOMÉ IS	ST
N END OF SAN THOMÉ	ST
N END OF SAN TOMÉ IS	ST
N E NEW GUINEA	PG
N ENGLAND	GB
N E OF AUSTRALIA	AU
N E OF BORNEO	MY
N E OF GERMANY	DE
N E OF SUMATRA	ID
N E OF TUNIS	TN
NEPAL	NP
N E P EC	EC
N E PERU	PE
N E RHODESIA	ZW
NERITIC ZONE NEAR NICE FRANCE	FR
N ERN BRIT NEW GUINEA	PG
NER	NE
N E RUSSIA	RU
N E SCOTLAND	GB
N E SIBERIA	RU
NE SIBERIA	RU
N E SUMATRA DELI ETC	ID
N E SUMATRA DELI	ID
N E SUMATRA	ID
NE SUMATRA	ID
N E SUMATRA I	ID
NETHANTILLES	ZZ
NETHEN BELGIUM	BE
NETHERLAND ANTILLES	ZZ
NETHERLAND	NL
NETHERLANDS ANTILLES	ZZ
Netherlands, Kingdom of the	NL
NETHERLANDS NEW GUINEA	ID
NETHERLANDS	NL
N E TRANSVAAL	ZA
NETTET BELGIUM	BE
NEUMARKT GERMANY	DE
N E U S A	US
NEVADA	US
NEVIS ISLAND	KN
NEVIS	KN
NEW BRITAIN	PG
NEW CALEDONIA ISLANDS	NC
NEW CALEDONIA	NC
NEWCALEDONIA	NC
NEWCASTLE UK	GB
NEWCASTLEUPONTYNE ENGLAND	GB
NEW FOUNDLAND	CA
NEWFOUNDLAND	CA
NEW GRANADA COL	CO
NEW GRENADA ECUADOR	EC
NEW GUINEA & ARU IS	IN
NEW GUINEA PAPUA	PG
NEW GUINEA TERR PAPUA	PG
NEW HAMPSHIRE	US
NEW HAMPSHIRE USA	US
NEW HAVEN USA	US
NEW HEBRIDES	VU
NEW HIBRIDES	VU
NEW IRELAND	PG
NEW JERSEY	US
NEW JERSEY USA	US
NEW MEXICO	US
NEW MEXICO USA	US
NEW SOUTH WALES	AU
NEW SOUTH WALES AUSTRALIA	AU
NEW SOUTH WALES SYDNEY AUSTRALIA	AU
NEW S WALES	AU
NEW YORK USA	US
NEW ZEALAND AOTEAROA	NZ
NEW ZEALAND CAPTIVE	NZ
NEW ZEALAND IS	NZ
NEW ZEALAND	NZ
NEWZEALAND	NZ
NEW ZEALAND SEAS	NZ
NEW ZEALNAD	NZ
NEW ZEELAND	NZ
NEW ZELAND	NZ
NFK	NF
NGAMALAND	BW
NGAMILAND	BW
NGA	NG
N GERMANY	DE
NÍGER	NE
N GER NEW GUINEA COAST	PG
N GER NEW GUINEA	PG
N G NEW GUINEA COAST	PG
N GREENLAND	GL
NHATRAND VIETNAM	VN
NHEBRIDEN	VU
NICARAGUA	NI
NICE FRANCE	FR
NIC	NI
NICOBAR ISLANDS	IN
NIGERDOSSO	NE
NIGERHAUSA	NE
NIGERIA FULANI	NG
NIGERIA	NG
NIGERIA NORD	NG
NIGERIA OFFSHORE	NG
NIGERIA SUD	NG
NIGERI	NG
NIGER	NE
NIGHTINGALE ISLAND	SH
NIG	NG
NIGÃRIA	NG
NIGÉRIA	NG
N INDIA	IN
NISHINOMIYA JAPAN	JP
N ITALY	IT
NIUE	NU
NIUÉ	NU
NIU	NU
N J	US
N KOREA	KP
NL CF	NL
NLD	NL
N L MEX	MX
N MADAGASCAR	MG
N MARIANAS	MP
N MAROCCO	MA
N MOROCCO	MA
N & N W AUSTRALIA	AU
N N ZEALAND	NZ
NO ANGOLA	AO
NOCAKIRO IVORY COAST	CI
N OF BALI IS	ID
N OF HAWAIIAN IS	US
N OF MADAGASCAR	MG
N OF SCOTLAND	GB
N OF TUNIS	TN
NONE	US
NORD CTE IV LATAHA AFR OUEST	CI
NORD CTIV	CI
NORDKIVU ZAÃRE RÃPUBLIQUE DÃMOCRATIQUE DU CONGO	CD
NORFOLK	GB
NORFOLK I	NF
NORFOLKISLAND	NF
NORFOLK ISL	NF
NORFOLK ÎLE	NF
Norge	NO
NORMANDY FRANCE	FR
NOR	NO
NORSE BEACH PUERTO PEÃASCO SONORA MEXICO	MX
NORTH ALGERIA	DZ
NORTH AMERICA	US
NORTH ANGOLA	AO
NORTH AUSTRALIA	AU
NORTH BORNEO	MY
NORTHBRAZILIA	BR
NORTH CAMEROON	CM
NORTH CAMEROON HIGHLANDS	CM
NORTH CAROLINA	US
NORTH CAROLINA USA	US
NORTH DAKOTA USA	US
NORTHEAST COAST OF ST VINCENT B W I	VC
NORTHEASTERN UNITED STATES	US
NORTH EASTERN U S	US
NORTH ECAUDOR	EC
NORTH ECUADOR	EC
NORTH E GERMANY	DE
NORTH END OF SAN TOMÉ	ST
NORTHERN AUSTRALIA	AU
NORTHERN BORNEO	MY
NORTHERN BULGARIA	BG
NORTHERN CYPRUS	CY
NORTHERN GREENLAND	GL
NORTHERN GRENADINES B W I	VC
NORTHERN IRELAND	GB
NORTHERN LINE ISLANDS	KI
NORTHERN MADAGASCAR	MG
NORTHERN MARIANA ISLANDS	MP
NORTHERN MARIANAS ISLAND	MP
NORTHERN MARIANAS	MP
NORTHERN NICARAGUA	NI
NORTHERN PERU	PE
NORTHERN RHODESIA	ZW
NORTHERN URUNDI	BI
NORTHERN VIRGINIA USA	US
NORTH GERMAN NORTH SEA COAST GERMANY	DE
NORTH GREENLAND	GL
NORTH INDIA	IN
NORTH ITALY	IT
NORTH KAOLACK SENEGAL	SN
NORTH KOREA	KP
NORTH OF VENEZUELA	VE
NORTH PERZIÃ	IR
NORTH RUSSIA	RU
NORTH SEA ABERDEEN UK	GB
NORTH VENEZUELA	VE
NORTH VIETNAM	VN
NORTH WALES	GB
NORTH WEST AUSTRALIA	AU
NORTHWEST AUSTRALIA	AU
NORTHWEST BALI	ID
NORTHWEST COAST OF ST VINCENT B W I	VC
Northwestern Hawaiian Islands	US
NORUEGA	NO
NORVÈGE	NO
NORWAY	NO
NORWEGIAN SEA	FO
NOR WEST AUSTRALIA	AU
NORWICH UK	GB
NORW	NO
N.O. Spanje	ES
NOTTINGHAM UK	GB
NO TUNIS	TN
NOUVELLE CALÉDONIE	NC
NOUVELLE GUINÉE	PG
NOUVELLE ZÉLANDE	NZ
NOUZILLY FRANCE	FR
NOVAIA ZEMBYA	RU
NOVAIA ZEMLIA I	RU
NOVAIA ZEMLIA	RU
NOVAIA ZEMLYA	RU
NOVAJA ZEMBYA	RU
NOVA SCOTIA	CA
NOVA SCOTIA CANADA	CA
NOVA SCOTI HALIFAX CANADA	CA
NOVAYA SEMLYA	RU
NOVAYA ZEMBYA	RU
NOVAYA ZEMLYA	RU
NOVA ZEMBLA	RU
NO W AUSTRALIA	AU
NÉPAL	NP
N PERU	PE
NPL	NP
N RHODESIA	ZW
NÃRNBERG GERMANY	DE
NRU	NR
N RUSSIA	RU
N SARDINIA	IT
N S	CA
N S CANADA	CA
N SCOTLAND	GB
N SIBERIA	RU
N SUMATRA	ID
N S WALES	AU
N S W AUSTRALIA	AU
N TASMANIA	AU
N T	AU
N TRANSVAAL	ZA
N TUNESIA	TN
N TUNISIA	TN
N TUNIS	TN
N TURKEY	TR
NUEVA CALEDONIA	NC
NUEVA ECIJA PHILIPPINES	PH
NUEVA ZELANDA	NZ
N VENEZUELA	VE
N VEN	VE
N WALES	GB
N W ALGERIA	DZ
N W ARGENTINA	AR
N W AUSTRALIA	AU
N W BALI	ID
N W BORNEO	MY
N W BRAZIL	BR
N W CANADA	CA
N W COAST MADAGASCAR	MG
N W COAST OF MADAGASCAR	MG
N W COSTA RICA	CR
N W DU NEW GUINEA	ID
N W ECUADOR	EC
NWECUADOR	EC
N W ECUA	EC
N WEST AUSTRALIA	AU
N W GERMANY	DE
N W GREENLAND	GL
N W HAITI	HT
N W HONDURAS	HN
N W KENYA	KE
N W MADAGASCAR	MG
N W MAROCCO	MA
N W MEXICO	MX
N W MOROCCO	MA
N W OF CAROLINE IS	FM
N W OF GALAPAGOS IS	EC
N W OF MADAGASCAR	MG
N W PERU	PE
N W RHODESIA	ZW
N W RUSSIA	RU
N W SCOTLAND	GB
N W SPAIN	ES
N W T CANADA	CA
N W TUNISIA	TN
N W TUNIS	TN
N W VENEZUELA	VE
NYAMILAND	BW
NYASALAND MALAWI	MW
NYASALAND	MW
NYMPH CREEK YELLOWSTONE NATIONAL PARK USA	US
N ZEALAND	NZ
NZL	NZ
N Z	NZ
OAHU HAWAII USA	US
OBER EGYPT	EG
OCÉAN INDIEN TERRITOIRE BRITANNIQUE DE L	IO
OCCUPIED PALESTINIAN TERRITORY	PS
ODENSE DENMARK	DK
OEDELEM BELGIUM	BE
OELEGEM BELGIUM	BE
OENO ISLAND	PN
OFF AUSTRALIA	AU
OFF AUSTRALIAN COAST	AU
OFF BAHAMAS	BS
OFF CAPE TOWN SOUTH AFRICA	ZA
OFF CHILE	CL
OFF COAST OAHU HAWAII USA	US
OFF COAST OF CHILI	CL
OFF COAST OF CUBA	CU
OFF COAST OF HAWAII USA	US
OFF COAST OF OAHU HAWAII USA	US
OFF COAST OF S W MEXICO	MX
OFF E COAST B E AFRICA	KE
OFF ECUADOR	EC
OFF E MADAGASCAR	MG
OFF ENGLAND	GB
OFF GALAPAGOS IS	EC
OFF LAYSAN ISLE	US
OFF MADAGASCAR	MG
OFF MEXICO	MX
OFF N E COAST OF MADAGASCAR	MG
OFF NEWFOUNDLAND	CA
OFF NEW ZEALAND	NZ
OFF NORTH CAPE NORWAY	NO
OFF N ZEALAND	NZ
OFF PANAMA	PA
OFF S ENGLAND	GB
OFF SOUTH AUSTRALIA	AU
OFF THE COAST OF KANAGAWA PREFECTURE JAPAN	JP
OFF THE COAST OF NICE FRANCE	FR
OFF THE COAST OF NORTHERN CALIFORNIA USA	US
OFF THE IMMEDIATE COAST OF OAHU HAWAII USA	US
OFF TRISTAN DA CUNHA ISLAND	SH
OFF TRISTAN DA CUNHA ISLE	SH
OFF W MEXICO	MX
OFF W SCOTLAND	GB
OFF W SUMATRA	ID
O F S AFRICA	ZA
OGASAWARA IS	JP
O HEBRIDES	GB
OHIO	US
OHIO USA	US
OISE FRANCE	FR
OKAIA NEW ZEALAND	NZ
OKINAWA JAPAN	JP
OKLAHOMA USA	US
OLD NORW	NO
OLLIGNIES BELGIUM	BE
OLORUA I	FJ
OMAN	OM
OMÁN	OM
OMN	OM
ONEIDA LAKE NEW YORK USA	US
ONGEA LEVU I	FJ
ONO ILAU I	FJ
ON S E COAST MADAGASCAR	MG
ONTARIO CANADA	CA
ONTARIO TORONTO CANADA	CA
OOSTERZELE BELGIUM	BE
OPER VOLTA	BF
ORANGE FREE STATE	ZA
ORANGE FREE ST	ZA
ORANGE F STATE	ZA
ORANGE R COLONY	ZA
OREBRO SWEDEN	SE
OREGON	US
OREGON USA	US
ORE	US
ORINDA CALIFORNIA USA	US
ORINOCO RIVER REGION VENEZUELA	VE
ORKNEY	GB
ORKNEY I	GB
ORKNEY IS	GB
ORKNEY ISLANDS	GB
ORKNEY OR SHETLAND IS	GB
ORLÃANS FRANCE	FR
ORLY FRANCE	FR
ORNE ESTUARY NORMANDY FRANCE	FR
OSAKA JAPAN	JP
OSLO NORWAY	NO
OSSEMEERSEN GHENT BELGIUM	BE
OSS THE NETHERLANDS	NL
OSWEGO COUNTY NEW YORK USA	US
OTAGO NEW ZEALAND	NZ
OTTAWA CANADA	CA
OUGANDA RÃGION DU PARC DE BWINDI	UG
OUGANDA	UG
OUTER HEBRIDES	GB
OUZBÉKISTAN	UZ
OVALAU I	FJ
OVERPELT BELGIUM	BE
PAASEILAND	CL
PAC COAST OF COLOMBIA	CO
PACIFIC COAST OF COLOMBIA	CO
PAC IS TR TR	UM
PAHANG	MY
PAIWA TABACO ALBAY PHILIPPINES	PH
PAKISTAN	PK
PAKISTÁN	PK
PAK	PK
PALAOS	PW
PALAU IDS	PW
PALAU	PW
PALAWAN PHILIPPINES	PH
PALESTINE EGYPT	EG
PALESTINE JORDAN	JO
PALESTINE LEBANON	LB
PALESTINE	PS
PALESTINIEN OCCUPÉ TERRITOIRE	PS
PALMER ARCHIPELAGO	AQ
PAMAMA	MA
PAMEL BELGIUM	BE
PANABO DAVAO PHILIPPINES	PH
PANAMA CANAL ZONE	PA
PANAMA CAPTIVE	PA
PANAMA CHIRIQUI	PA
PANAMA C Z	PA
PANAMA ILLEG	PA
PANAMA	PA
PANAMA*	PA
PANAMA	PA
PANAMA R P	PA
PANAMÁ	PA
PANANMA	PA
PANGIL LAGUNA PHILIPPINES	PH
PAN	PA
PAPÚA NUEVA GUINEA	PG
PAPAUA NEW GUINEA	PG
PAPAU NEW GUINEA	PG
PAPOUASIE NOUVELLE GUINÉE	PG
PAPOUASIE	PG
PAPUA C D NEW GUINEA	PG
PAPUA CENT D NEW GUINEA	PG
PAPUA CENTRAL DIV NEW GUINEA	PG
PAPUA NEW GUIENA	PG
PAPUA NEW GUINEA	PG
PAPUANEW GUINEA	PG
PAPUANEWGUINEA	PG
PAPUA NEW GUINEA POSSIBLY	PG
PAPUA NEW GUIN	PG
PAPUA N GUIN	PG
PAPUA	PG
PAPUA W D NEW GUINEA	PG
PAQAPUA NEW GUINEA	PG
Paraguai	PY
PARAGUAY	PY
PARANA	BR
PARANA STATE BRAZIL	BR
PARAQUANA	VE
PAÍSES BAJOS	NL
PASKOV CZECH REPUBLIC	CZ
PASSAU GERMANY	DE
PATAGONIA FALKLAND IS	FK
PAULINENAUE BRANDENBURG GERMANY	DE
PAWA MALINAW ALBAY PHILIPPINES	PH
PAYS BAS	NL
PCN	PN
PEGU	PE
PELEW I	PW
PELEW ISLANDS	PW
PELEW I S	PW
PELEW IS	PW
PEMBA IS	TZ
PENINSULAR MALAYSIA	MY
PENINSULAR MALYSIA	MY
PENINSULA TIHANY HUNGARY	HU
PENNSYLVANIA STATE UNIVERSITY USA	US
PENNSYLVANIA	US
PENNSYLVANIA USA	US
PEOPLES REPUBLIC OF CHINA	CN
Peoples Republic of the Congo	CG
PERAK	MY
PERNAMBUCO BRAZIL	BR
PER	PE
PERÚ	PE
PERTH AUSTRALIA	AU
PERTH WESTERN AUSTRALIA	AU
PERU	PE
PERUVIAN AMAZONS	PE
PETIT ENGHIEN BELGIUM	BE
PHILIIPPINES	PH
PHILIPIJNEN	PH
PHILIPINES	PH
PHILIPPINE IDS	PH
PHILIPPINE ISLANDS	PH
PHILIPPINE	PH
PHILIPPINES	PH
PHILLIPINE IDS	PH
PHILLIPINE ISLANDS	PH
PHILLIPINES	PH
PHILLIPPINES	PH
PHILPPINES	PH
PHL	PH
PHOENIX GROUP	KI
PHOENIX ISLANDS	KI
PIETERMARITZBURG KWAZULUNATAL SOUTH AFRICA	ZA
PIET RETIEF MPUMALANGA SOUTH AFRICA	ZA
PINGTUNG TAIWAN	TW
PISANG ISLAND	IN
PITCAIRN ISLAND	PN
PITCAIRN ISLANDS	PN
PITCAIRN ISL	PN
PITCAIRN	PN
PITTEM BELGIUM	BE
PLANTS OF CHINA	CN
PLANTS OF USA	US
PLATTE RIVER FISH HATCHERY MICHIGAN USA	US
PLILIPPIJNEN	PH
PLUMCHIAU FRANCE	FR
PLUSSEE HOLSTEIN	DE
PLW	PW
PNG	PG
POHNPEI	FM
POLAND	PL
POLANGUI ALBAY PHILIPPINES	PH
Polen	PL
POLINESIA FRANCESA	PF
POLINYA DEL JUCAR VALENCIA SPAIN	ES
POLLARE BELGIUM	BE
POLOGNE	PL
POLONIA	PL
POL	PL
POLYNESIÃ	PF
POLYNÉSIE FRANÇAISE	PF
PONAPE I	FM
PONAPÉ I	FM
PONT LEVÃQUE NORMANDY FRANCE	FR
PORTANGOLA	AO
PORT CRISTO MALLORCA SPAIN	ES
PORT GUINEA	GW
PORT HUENEME USA	US
PORT ORCHARD WASHINGTON USA	US
PORTO RICA	PR
PORTO RICO	PR
PORTUGAL	PT
Portuguese Congo	AO
PORTUGUESE GUINEA	GW
PORTUGUESE W AFRICA	AO
PORTUGUESE	ZZ
PORVOO FINLAND	FI
POSSIBLY FED ST OF MICRONESIA	FM
POSSIBLY NEW ZEALAND	NZ
POSSIBLY PALAU	PW
POTOMAC RIVER USA	US
POTTES BELGIUM	BE
POTUGAL	PT
Prathet Thai	TH
P R CHINA	CN
P R CONGO	CD
PRESTON UK	GB
PRESUMED AUSTRALIA	AU
PRESUMED ECUADOR	EC
PRESUMED LAOS	LA
PRESUMED NEPAL	NP
PRESUMED NEW GUINEA	ID
PRESUMED PAPUA NEW GUINEA	PG
PRESUMED TERR NEW GUINEA	PN
PRESUMED TONGA	TO
PRESUMED USA	US
PRESUMED VIETNAM	VN
PRETORIA SOUTH AFRICA	ZA
PRINCE EDWARD I	CA
PRINCE EDWARD IS	CA
PRINCE EDWARD ISLAND CAPE	CA
PRINCE OF WALES ISLAND	US
PRINCIPE IS	ST
PRINCIPE I	ST
PRI	PR
PRK	KP
PROBABLY CHINA	CN
PROBABLY ISOLATED IN NORWAY	NO
PROBABLY THAILAND	TH
PROBABLY USA	US
PROB S AUSTRALIA	AU
PÉROU	PE
PRT	PT
PRY	PY
PSE	PS
PT GAWLER SOUTH AUSTRALIA	AU
PUERTO	PR
PUERTO RICO	PR
PUERTORICO	PR
PUNJAB PAKISTAN	PK
PUSAKANEGARA WJAVA INDONESIA	ID
PYF	PF
PYRENÃES ORIENTALES FRANCE	FR
Qatar, Arabia	QA
QATAR	QA
QAT	QA
QUADELOUPE	GP
ÉQUATEUR	EC
QUEBEC	CA
QUEBEC CANADA	CA
QUEEN CHARLOTTE IS	CA
QUEEN CHARLOTTE SOUND	NZ
QUEENSLAND	AU
QUEENSLAND AUSTRALIA	AU
RAMONVILLESAINTAGNE HAUTEGARONNE FRANCE	FR
RAMSKAPELLE BELGIUM	BE
RDC	CD
RÃDESHEIM GERMANY	DE
ÃREBRO SWEDEN	SE
RECIFE BRAZIL	BR
REINO UNIDO	GB
REPÚBLICA CENTROAFRICANA	CF
REPÚBLICA CHECA	CZ
REPÚBLICA DEL CONGO	CG
REPÚBLICA DE MACEDONIA	MK
REPÚBLICA DEMOCRÁTICA DEL CONGO	CD
REPÚBLICA DOMINICANA	DO
REPÚBLICA ÁRABE SAHARAUI	EH
REP MALAGASIA	MG
REP OF CONGO	CD
REP SOUTH AFRICA	ZA
REPUBLICA DOMINICA	DO
REPUBLICA DOMINICANA	DO
REPUBLIC OF CONGO	CG
REPUBLIC OF CROATIA	HR
Republic of Fiji	FJ
REPUBLIC OF GEORGIA	GE
REPUBLIC OF HONDURAS	HN
Republic of Ireland	IE
REPUBLIC OF KENYA	KE
Republic of Kiribati	KI
REPUBLIC OF KOREA	KR
REPUBLIC OF MACEDONIA	MK
REPUBLIC OF MADAGASCAR	MG
REPUBLIC OF MOLDOVA	MD
REPUBLIC OF PALAU	PW
REPUBLIC OF PANAMA	PA
REPUBLIC OF SEYCHELLES	SC
REPUBLIC OF SIERRA LEONE	SL
REPUBLIC OF SOUTH AFRICA	ZA
Republic of the Congo	CG
REPUBLIC OF THE MARSHALL ISLANDS	MH
REPUBLIC OF THE PHILIPPINES	PH
Republic of Trinidad and Tobago	TT
RESURRECTION BAY NEAR SEWARD ALASKA	US
RETIE BELGIUM	BE
REUNIÓN	RE
REUNION I	RE
REUNION ISLAND	RE
REUNION IS	RE
REUNION	RE
REU	RE
REVILLA GIGEDO IS	MX
REVILLAGIGEDO IS	MX
REVILLAGIGEDO	MX
REVILLAGIGEDOS IS	MX
RHODE ISLAND	US
RHODE ISLAND USA	US
RHODESIA	ZW
RHODOS GREECE	GR
RIJKEVORSEL BELGIUM	BE
RILLAAR BELGIUM	BE
RINGVASSÃY NORWAY	NO
RIO DE HANABANA	CU
RIO DE JANEIRO BRAZIL	BR
RIRRILET COSTA RICA	CR
RIUKIU ISLANDS	JP
RIVER AVON HAMPSHIRE ENGLAND	GB
RIVER CLETTER UK	GB
RIVER ELBE	DE
RIVER MOSCOW RUSSIA	RU
RIVER MOSCWA FORMER USSR	RU
RIVER PLYM DARTMOOR	GB
RIVER SPEY ABERLOUR SCOTLAND	GB
RIVER WEENDE GÃTTINGEN GERMANY	DE
RIVER WESER GERMANY	DE
RIVER WEY GUILFORD SURREY UK	GB
RIVER YVETTE FRANCE	FR
ROCKDALE UK	GB
RODESIA	ZW
RODRIGUES ISLAND	MU
RODRIGUEZ	MU
RODRIQUES	MU
ROEMENIE	RO
ROEMENIÃ	RO
ROMANIA	RO
ROME	IT
ROODEPLAAT PRETORIA SOUTH AFRICA	ZA
ROOSDAAL BELGIUM	BE
ROSS DEPENDENCY	AQ
Rossia	RU
ROSS SEA	AQ
ROTHAMSTED UK	GB
ROTORUA NEW ZEALAND	NZ
ROTUMAH	FJ
ROTUMAH I	FJ
ROUMANIA	RO
ROUMANIA ROMANIA	RO
ROUMANIAROMANIA	RO
ROUMANIE	RO
ROU	RO
ROUVEROY BELGIUM	BE
ROYAL RESEARCH STATION OF GORSEM SINTTRUIDEN BELGIUM	BE
ROYAUME UNI	GB
R P	PA
RÉPUBLIQUE ARABE SYRIENNE	SY
RÉPUBLIQUE BOLIVARIENNE DU VENEZUELA	VE
RÃPUBLIQUE CENTRAFRICAINE	CF
RÉPUBLIQUE CENTRAFRICAINE	CF
RÃPUBLIQUE CENTRAFRICAINE OUBANGUI	CF
RÃPUBLIQUE CENTRAFRICAINE RÃPUBLIQUE DU CONGOBRAZZAVILLE	CF
RÉPUBLIQUE DE CORÉE	KR
RÃPUBLIQUE DE GUINÃE	GN
RÉPUBLIQUE DE MOLDOVA	MD
RÉPUBLIQUE DÉMOCRATIQUE DU CONGO	CD
RÉPUBLIQUE DÉMOCRATIQUE POPULAIRE LAO	LA
RÉPUBLIQUE DOMINICAINE	DO
République du Congo	CG
RÉPUBLIQUE ISLAMIQUE D IRAN	IR
RÉPUBLIQUE POPULAIRE DÉMOCRATIQUE DE CORÉE	KP
RÃPUBLIQUE POPULAIRE DU CONGO AUTOUR DU VILLAGE DE MOUMPOUTOU LE LONG DE LA RIVIÃRE	CG
RÃPUBLIQUE POPULAIRE DU CONGO AUTOUR DUVILLAGE DE MOUMPOUTOU LE LONG DE LA RIVIÃRE	CG
RÃPUBLIQUE POPULAIRE DU CONGO	CG
RÉPUBLIQUE TCHÈQUE	CZ
RÉPUBLIQUE UNIE DE TANZANIE	TZ
RUANDA	RW
RUDDERVOORDE BELGIUM	BE
RUFISQUE NEAR DAKAR SENEGAL	SN
RUMANIA	RO
RÃUNION	RE
RÉUNION	RE
RÏUNION	RE
RUSIA	RU
RUSLAND	RU
RUS	RU
RUSSELL ISLANDS	SB
RUSSIA CIS FORMER USSR	RU
RUSSIAN ALTAI	RU
RUSSIAN FEDERATION	RU
RUSSIAN FED	RU
RUSSIAN SOVIET FEDERATED SOCIALIST REPUBLIC	RU
RUSSIAN TURKESTAN	RU
RUSSIA	RU
RUSSIA SOUTH	RU
RUSSIE FÉDÉRATION DE	RU
RUSSIE	RU
Russija	RU
RUSS	RU
RUTEGAMA BURUNDI	BI
RWANDA NORD	RW
RWANDA PRÃFECTURE DE GISENYI	RW
RWANDA	RW
RWA	RW
RYSTRÃMMEN NORWAY	NO
ÉRYTHRÉE	ER
RYUKYU IS	JP
RYUKYU TRENCH	JP
SABAH	MY
SABA ISLAND	ZZ
SABA	ZZ
SACHLIN I	RU
S AFRICA CAPE COLONY	ZA
S AFRICA TRANSVAAL	ZA
S AFRICA	ZA
S AFR	ZA
SAGHALIEN I	RU
SAGHALIEN	RU
SAHARA OCCIDENTAL	EH
SAHARA OF ALGERIA	DZ
Saint Andrew Island	PG
SAINT BARTHELEMY	BL
SAINT BARTHÉLEMY	BL
SAINT CHRISTOPHE ET NEVIS	KN
SAINT CHRISTOPHE ET NIÉVÈS	KN
SAINT CHRISTOPHER	KN
SAINT CHRISTOPHER NEVIS	KN
SAINT CHRISTOPHERNEVIS	KN
SAINT CROIX	US
SAINT DOMINGO	DO
SAINTE HÉLÈNE ASCENSION ET TRISTAN DA CUNHA	SH
SAINTE LUCIE	LC
SAINT EUSTACHE	BQ
SAINT EUSTATIUS	BQ
SAINT HELENA ISLAND	SH
SAINT HELENA	SH
SAINT KITTS AND NEVIS	KN
SAINT KITTS ET NEVIS	KN
SAINT KITTS NEVIS	KN
SAINT KITTSNEVIS	KN
SAINT LUCIA ISLAND	LC
SAINT LUCIA	LC
SAINT MARIN	SM
Saint Martin (France)	MF
SAINT MARTIN	MF
SAINT MARTIN PARTIE FRANÇAISE	MF
SAINT MARTIN PARTIE NÉERLANDAISE	SX
SAINT PAUL ISLAND	FR
SAINT PIERRE ET MIQUELON	PM
SAINT PIERRE	PM
SAINT SIÈGE ÉTAT DE LA CITÉ DU VATICAN	VA
SAINT SIÈGE	VA
SAINT THOMAS	VI
SAINT VINCENT AMP THE GRENADINES	VC
SAINT VINCENT AND THE GRENADINES	VC
SAINT VINCENT AND THE	VC
SAINT VINCENT ET LES GRENADINES	VC
SAINT VINCENTGRENADINES	VC
SAINT VINCENT ISLAND	VC
SAINT VINCENT	VC
SAIPAN	MP
Sakhalin	RU
S ALBANIA	AL
S ALGERIA	DZ
S ALGERIA MOROCCO	DZ
SALISBURY ENGLAND	GB
SALOMON ISLANDS	SB
SALOMON ÎLES	SB
SALOMON	SB
SAL	SV
SALTON SEA CALIFORNIA USA	US
SALVADOR	SV
SAMBYU KAVANGO NAMIBIA	NA
SAM DOMINGO	DO
SAMOA AMERICANA	AS
SAMOA AMERICAN	AS
SAMOA AMÉRICAINES	AS
SAMOA ISLANDS	WS
SAMOA	WS
SAMUGAWA BEACH JAPAN	JP
SAN CRISTÓBAL Y NIEVES	KN
SANDNESSUNDET NORWAY	NO
SAN DOMINGO	DO
SANDWICH ISLAND	GS
SANDWICH IS	US
SANDWICH I	US
SAN ENRIQUE NEGROS OCC PHILIPPINES	PH
SAN FABIAN ISABELA PHILIPPINES	PH
SAN FREDERIGO TUSCANY ITALY	IT
S ANGOLA	AO
SAN JOSE COSTA RICA	CR
SAN MARINO	SM
SAN PEDRO Y MIQUELÓN	PM
SANTA CRUZ ISL	US
SANTA CRUZ IS	SB
SANTA HELENA	SH
SANTA LUCÍA	LC
SANTA LUCIA WEST INDIES	LC
SAN THOME I	ST
SAN THOMÉ I ANGOLARES GULF OF GUINEA	ST
SAN THOMÉ I GULF OF GUINEA	ST
SAN THOMÉ I ROCA LAURA GULF OF GUINEA	ST
SAN THOMÉ IS	ST
SAN THOMÉ I	ST
SAN THOMÉ	ST
SANTIAGO DE CUBA	CU
SANTO DOMINGO	DO
SANTO DOMINGO D WEST INDIES	DO
SANTO DOMINGO R D	DO
SANTO DOMINGO W I	DO
SAN TOME IS	ST
SAN TOMÉ IS	ST
SAN TOMÈ IS	ST
SAN TOMÉ	ST
SANTO TOMÉ Y PRÍNCIPE	ST
SAN VICENTE Y	VC
SAO TOME AND PRINCIPE	ST
SAOTOMEANDPRINCIPE	ST
SAO TOME & PRINCIPE	ST
SAO TOME PRN	ST
SAO TOME	ST
SAO TOMÉ ET PRINCIPE	ST
SAPELO ISLAND GEORGIA USA	US
SARAWAK	MY
SARDEGNA	IT
SARDENIA	IT
SARDINIA	IT
SARDINIA ITALY	IT
S ARGENTINA	AR
SASKATCHEWAN SASKATOON CANADA	CA
SAUDI ARABIA	SA
SAUDIARABIA	SA
SAUMUR MAINE ET LOIRE FRANCE	FR
SAU	SA
S AUSTRALIA	AU
SAVANNAH NEAR PANAMA	PA
SAVANNAH OF D GUIANA SURINAM	SR
S BOLIVIA	BO
S BORNEO	ID
S BRAZIL!	BR
S BRAZIL	BR
S CAMEROON	CM
S CAMEROON S	CM
S CAMEROONS	CM
S C AUSTRALIA	AU
S CENT MADAGASCAR	MG
S CENTRAL MADAGASCAR	MG
S CENTR DU NEW GUINEA	ID
S CHILE	CL
S CHILI	CL
SCHOONAARDE BELGIUM	BE
Schweiz	CH
SCILLY ISLANDS	GB
SC KENYA	KE
S C MOROCCO	MA
S COLOMBIA	CO
S COLUMBIA	CO
SCOT	GB
SCOT IREL ENG	GB
SCOTLAND	GB
SCOTLAND GREAT BRITAIN	GB
SCOTLAND UK ATLANTIC OCEAN	GB
SCOTLAND UK	GB
SCOTLAND UK SCOTCH	GB
SCOTLAND WEST COAST	GB
SCOTL	GB
SDN	SD
S DOMINGO	DO
S E ALGERIA	DZ
SEA OF JAPAN FAR EAST OF RUSSIA	RU
SEAS OF NEW ZEALAND	NZ
SEATTLE USA	US
S E AUSTRALIA	AU
S E AUSTRIA	AT
S E BAFFINLAND	CA
S E BECHUANALAND	BW
S E BELGIAN CONGO	CD
S E BRAZIL	BR
S E BRIT NEW GUINEA	PG
S E BR NEW GUINEA	PG
S E BULGARIA	BG
S E COAST MADAGASCAR	MG
S E COAST OF W AUSTRALIA	AU
S E COAST W AUSTRALIA	AU
S E COAST WEST AUSTRALIA	AU
S E COL	CO
S E COLOMBIA	CO
S ECUADOR	EC
S E D NEW GUINEA	ID
SEEBURG GERMANY	DE
S E EGYPT	EG
S E ENG	GB
S E GERMANY	DE
S EGYPT	EG
S E HAITI	HT
SEINE MARITIME FRANCE	FR
SELANGOR	MY
SELTA AREA EGYPT	EG
SELVAGENS	PT
S E MADAGASCAR	MG
S E MOROCCO	MA
SENEGAL CASAMANCE	SN
SENEGAL	SN
S E NEW GUINEA	PG
S ENGLAND	GB
S E N G	PG
SE N GUINEA	PG
SENSIN BELGIUM	BE
SEN	SN
S E OF AUSTRALIA	AU
S E OF JAMAICA	JM
S E OF SOUTH AUSTRALIA	AU
S E PERU	PE
SE QUEENSLAND AUSTRALIA	AU
SERBIA	RS
SERBIE	RS
SERDANG MALAYSIA	MY
SERDINIA	IT
S ERN MEX	MX
S E RUSSIA	RU
S E SUMATRA	ID
S E TUNIS	TN
SETURKEY	TR
SEYCHELLE IDS	SC
SEYCHELLE ISLANDS	SC
SEYCHELLES ISLANDS	SC
SEYCHELLES REPUBLIC	SC
SEYCHELLES	SC
S FRANCE	FR
S GEORGIA	GS
S GEORGIA I	GS
S GEORGIA IS	GS
S GEORGIA ISLE	GS
S GERMANY	DE
SGP	SG
S GREENLAND	GL
SGS	GS
SHAANXI NORTHWESTERN CHINA	CN
SHANGHAI CHINA	CN
S HEBRIDES	GB
SHELIKOF STRAIT	US
SHETLAND IS	GB
SHETLAND ISLAND	GB
SHETLAND ISLANDS	GB
SHETLAND ISLES	GB
SHETLANDS	GB
SHIMOGAMO KYOTO JAPAN	JP
SHINFIELD UK	GB
SHITURU CONGO	CD
SHIZUOKA PREFECTURE JAPAN	JP
SHN	SH
SHORTLAND IDS	SB
SHOWA STATION ANTARCTICA	AQ
SHRILANKA	LK
SHUMAGIN IS	US
SIAM	TH
SIBERIA	RU
SIBERIA RUSSIA	RU
SIB	RU
SICILIA	IT
SICILY I	IT
SICILY	IT
SICILY ITALY	IT
SIERRA DE HUAUTLA MEXICO	MX
SIERRA DE PERU	PE
SIERRA LEONA	SL
SIERRA LEONE RÃGION DE LA KARINA	SL
SIERRA LEONE	SL
SIERRALEONE	SL
SIERRA LEONES	SL
SIERRE LEONE	SL
S ILLEG CAMEROON	CM
SINGAPORE MALAYA	SN
SINGAPORE	SG
SINGAPOUR	SG
SINGAPUR	SG
SINT EUSTATIUS	BQ
SIREUIL CHARENTES FRANCE	FR
SIRIA	SY
S ITALY	IT
SIVASH LAKE CRIMEA UKRAINE	UA
SJM	SJ
S KAMEROON	CM
S KAMERUN	CM
SKOCJAUSKE JAME	SI
S KOREA	KR
SKOVDE SWEDEN	SE
SKÃVDE SWEDEN	SE
SLAGELSE DENMARK	DK
SLB	SB
SLE	SL
SLOVACIA	SK
SLOVAKIA	SK
SLOVAK REPUBLIC	SK
SLOVAQUIE	SK
Slovensko	SK
SLOVÉNIE	SI
SLV	SV
S MADAGASCAR	MG
S MADEIRA I	PT
S MAROCCO	MA
S MEXICO	MX
S MOROCCO	MA
S MORROCCO	MA
SMR	SM
SNAKE RIVER WASHINGTON STATE USA	US
SNELLEGEM BELGIUM	BE
S NEW ZEALAND	NZ
SÃNÃGAL FULANI	SN
SÃNÃGAL OUOLOF	SN
SÃNÃGAL PEUPLE PEUL DE LA RÃGION DU SINE SALUM	SN
SÃNÃGAL RÃGION DE THIES PEUPLE DES SÃRÃRES SAFÃN	SN
SÃNÃGAL RÃGION ENTRE LES VILLES KÃDOUGOU ET YUKUNKUN	SN
SÃNÃGAL	SN
SÉNÉGAL	SN
SÃNÃGAL TOUTE LA ZONE Ã PARTIR DU NORD SÃNÃGAL	SN
SO AFRICA	ZA
SO ALGERIA	DZ
SO BRAZIL	BR
SO CAMEROONS	CM
SOCIETY ISLANDS	PF
SOCIETY ISL	PF
SOCOTRA ISLAND	YE
SOCOTRA IS	YE
SOCOTRA	YE
SOEDAN	SD
S OF AUSTRALIA	AU
S OF ENGLAND	GB
S OF FIGI IS	FJ
S OF GERMANY	DE
SOFIA BULGARIA	BG
S OF KOREA	KR
S OF MADAGASCAR	MG
S OF MOROCCO	MA
S OF NEW ZEALAND	NZ
S OF SUMATRA	ID
SOISSONS AISNE FRANCE	FR
SOLOMON ID	SB
SOLOMON IDS	SB
SOLOMON ISLANDS	SB
SOLOMON ISL	SB
SOLOMON IS	SB
SOMALIA	SO
SOMALIE	SO
Somaliland	SO
SOMALI REPUBLIC	SO
SOMEREN THE NETHERLANDS	NL
SO MEXICO	MX
SO MOROCCO	MA
SOM	SO
SO PERU	PE
S ORKNEY IS	AQ
SORSOGON SORSOGON PHILIPPINES	PH
SO RUSSIA	RU
SO SIBERIA	RU
SO SPAIN	ES
São Tomé e Príncipe	ST
SO TRINIDAD	TT
SO TUNIS	TN
SOUDAN DU SUD	SS
SOUDAN EST	SD
SOUDAN ET SOUDAN FULANI	SD
SOUDAN FULANI	SD
SOUDAN KORDOFAN	SD
SOUDAN RÃGION DE LEST	SD
SOUDAN	SD
SOUSS MOROCCO	MA
SOUTH AFICA	ZA
SOUTH AFRICAN	ZA
SOUTH AFRICA	ZA
SOUTHAFRICA	ZA
SOUTH ARABIA	YE
SOUTH AUSTRALIA	AU
SOUTH BOLIVIA	BO
SOUTH BRAZIL	BR
SOUTH CAMEROON	CM
SOUTH CAROLINA	US
SOUTH CAROLINA USA	US
SOUTH CENTRAL DUTCH NEW GUINEA	ID
SOUTH CHILE	CL
SOUTHCHINA	CN
SOUTH CHINA SEA CHINA	CN
SOUTH COAST OF ST VINCENT B W I	VC
SOUTH COPENHAGEN DENMARK	DK
SOUTH DAKOTA USA	US
SOUTHEAST BRAZIL	BR
SOUTH EASTERN BRAZIL	BR
SOUTHEAST N GUINEA	PG
SOUTH EAST OF ABERDEEN MILES EAST	GB
SOUTH END OF SAN TOMÈ IS	ST
SOUTH END OF ST VINCENT B W I	VC
SOUTH END SAN THOMÉ IS	ST
SOUTH END SAN THOMÉ	ST
SOUTH END SAN TOMÉ IS	ST
SOUTHERN BRAZIL	BR
SOUTHERN BULGARIA	BG
SOUTHERN CAMEROON	CM
SOUTHERN CAMEROONS	CM
SOUTHERN CHINA	CN
SOUTHERN COAST OF GREENLAND	GL
SOUTHERN DENMARK	DK
SOUTHERN ENGLAND UK	GB
SOUTHERN FRENCH CAMEROON	CM
SOUTHERN ISLAND OF N ZEALAND	NZ
SOUTHERN KENYA	KE
SOUTHERN PERU	PE
SOUTHERN RHODESIA	ZW
SOUTHERN RODESIA	ZW
SOUTHERN RUSSIA	RU
SOUTHERN ST VINCENT B W I	VC
SOUTHERN URAL RUSSIA	RU
SOUTH ESSEX UK	GB
SOUTHFRANCE	FR
SOUTH GEORGE I	GS
SOUTH GEORGIA AND THE SOUTH SANDWICH ISLANDS	GS
SOUTH GEORGIA	GS
SOUTH GEORGIA I	GS
SOUTH GEORGIA IS	GS
SOUTH GEORGIA ISLAND	GS
SOUTH GEORGIA & SOUTH SANDWICH ISLANDS	GS
SOUTH INDIA	IN
SOUTH ITALY	IT
SOUTHITALY	IT
SOUTH KAOLACK SENEGAL	SN
SOUTH KOREA	KR
SOUTH MADAGASCAR	MG
SOUTH MEXICO	MX
SOUTH NIGERIA	NG
SOUTH NORTHWEST AUSTRALIA	AU
SOUTH OF AUSTRALIA	AU
SOUTH OF MADEIRA I	PT
SOUTH OF NEW ZEALAND	NZ
SOUTH OF N ZEALAND	NZ
SOUTH ORKNEY IS	AQ
SOUTH ORKNEY ISLANDS	AQ
SOUTH PERU	PE
SOUTH RHODESIA	ZW
SOUTH RUSSIA	RU
SOUTH SHETLAND	AQ
SOUTH SHETLAND I	AQ
SOUTH SHETLAND IS	AQ
SOUTH SHETLAND ISLANDS	AQ
SOUTH SHETLANDS	AQ
SOUTH SPAIN	ES
SOUTH VIETNAM	VN
SOUTH WEST AFRICA	NA
SOUTHWEST AFRICA	NA
SOUTH WEST AFRICA NAMBIA	NA
SOUTH WEST ANGOLA	AO
SOUTH WEST AUSTRALIA	AU
SOUTHWEST AUSTRALIA	AU
SOUTH YEMEN	YE
SPAIN	ES
Spanien	ES
SPANISH GUINEA FERNANDO POO	GQ
S PERU	PE
SPETSBERGEN	SJ
SP HONDURAS	HN
SPIRIT LAKE WASHINGTON USA	US
SPITZBERGEN	SJ
SPM	PM
SRB	RS
SR CF	SR
S RHODESIA	ZW
S RHODIESIA	ZW
SRI LANKA CEYLON	LK
SRI LANKA	LK
SRILANKA	LK
SRODESIA	ZW
S RUSSIA	RU
S SANDWICH IS	GS
S SARDENIA	IT
S SCOTLAND	GB
S SHETLAND IS	AQ
S SHETLANDS	AQ
S SOUTH AUSTRALIA	AU
S SPAIN	ES
STA CRUZ BOLIVIA	BO
ST AMANDS BELGIUM	BE
STANISLAUS COUNTY CALIFORNIA USA	US
S TASMANIA	AU
ST BARTHELEMY	GP
ST BARTHELEMY ISLAND	GP
ST BRIEUC FRANCE	FR
ST CHRISTOPHERNEVIS	KN
STCHRISTOPHERNEVIS	KN
ST CROIX	US
ST DOMINGO	DO
ÃSTERREICH	AT
ÖSTERREICH	AT
ÃSTERSUND SWEDEN	SE
ST EUSTATIUS	BQ
ST EUSTATIUS ISLAND	BQ
ST GHISLAINE BELGIUM	BE
S THAILAND	TH
ST HELENA I	SH
ST HELENA	SH
S THOME	ST
ST KILDA	GB
ST KILDA I	GB
ST KITTS AMP NEVIS	KN
St. Kitts and Nevis	KN
ST KITTS	KN
ST KITTSNEVIS ISLANDS	KN
ST KITTS NEV	KN
ST LOUIS USA	US
STLOUIS USA	US
ST LUCIA ISLAND	LC
ST LUCIA	LC
STLUCIA	LC
ST LUCIA WI	LC
ST MARTIN ISLAND	GP
ST MAURICE FRANCE	FR
ST NARAIRE FRANCE	FR
STOCKHOLM SWEDEN	SE
STOKEONTRENT ENGLAND	GB
STOMÉ E PRÍNCIPE	ST
STORRS CONN USA	US
ST PAUL IS	TF
ST PIER MQ	MQ
ST PIETERSHOSPITAAL BRUSSEL BELGIUM	BE
STPIETERSVOEREN BELGIUM	BE
STP	ST
STREMY BELGIUM	BE
S TRINIDAD I	TT
S TRINIDAD	TT
ST THOMAS HOSPITAL LONDON UK	GB
ST THOMAS	VI
S TUNISIA	TN
S TUNIS	TN
STUTTGART GERMANY	DE
STUTTGARTHOHENHEIM GERMANY	DE
ST VERDE IS	CR
ST VICENT AMP THE GREN	VC
ST VIN AMP THE GRENADINES	VC
ST VINCENT AMP THE GRENAD	VC
ST VINCENT AMP THE GREN	VC
ST VINCENT AND THE GRENADINES	VC
ST VINCENT AND THE GREN	VC
STVINCENT AND THE	VC
ST VINCENT B W I	VC
ST VINCENT ISLANDS	VC
ST VINCENT & THE GRENDINES	VC
ST VINCENT	VC
STVINCENT	VC
ST VINCENT WEST INDIES	VC
SUAZILANDIA	SZ
SUDAN	SD
SUD BOLIVIA	BO
SUÈDE	SE
SUDÁFRICA	ZA
SUDÁN	SD
SUECIA	SE
SUISSE	CH
SUIZA	CH
SUKAMANDI INDONESIA	ID
SULAWESI	ID
SULAWESI UTARA	ID
SUMATRA BOCK	ID
SUMATRA DELI	ID
SUMATRA	ID
SUMATRA INDONESIA	ID
SUMATRA IS	ID
SUNDSVALL SWEDEN	SE
SUNGEI BULOH MALAYSIA	MY
Suomi	FI
SURINAM D GUIANA	SR
SURINAME DUTCH GUIANA	SR
SURINAMEE	SR
SURINAME	SR
SURINAM	SR
SURINAN	SR
SURINA	SR
SURREY UK	GB
SUR	SR
SURUGA BAY JAPAN	JP
SVALBARD AMP JAN MAYEN ISLANDS	SJ
SVALBARD AND JAN MAYEN ISLANDS	SJ
SVALBARD ET ÎLE JAN MAYEN	SJ
SVALBARD	SJ
SVALBARD Y JAN MAYEN	SJ
SVERIGE	SE
SVK	SK
SVN	SI
S W ALGERIA	DZ
SWANAMIBIA	NA
SWAN ISLANDS	HN
S W ARGENTINA	AR
SWARTKOPPIES TRANSVAAL SOUTH AFRICA	ZA
S W AUSTRALIA	AU
SWAZILAND	SZ
S W BORNEO	ID
S W CHILE	CL
S W COAST MADAGASCAR	MG
S W COAST OF MADAGASCAR	MG
S W COLOMBIA	CO
S W CORNER BECHUANALAND	BW
S W ECUADOR	EC
SWEDEN	SE
SWE	SE
S WEST AUSTRALIA	AU
S WEST AUSTRALIA COAST	AU
S W GERMANY	DE
S W GREENLAND	GL
S W HAITI	HT
S W INLAND MADAGASCAR	MG
SWITSERLAND	CH
SWITZERLAND	CH
S W KENYA	KE
SW KENYA	KE
S W MADAGASCAR	MG
S W MAROCCO	MA
S W MEXICO	MX
S W MOROCCO	MA
S W OF AUSTRALIA	AU
S W OF ENGLAND	GB
S W OF SUMATRA	ID
S W PERU	PE
S W SARDINIA	IT
S W SIBERIA	RU
S W SOUTH AUSTRALIA	AU
S W SUMATRA	ID
S W TUNIS	TN
S W U S A	US
S W W AUSTRALIA	AU
SWZ	SZ
SYC	SC
SYEMEN	YE
SYRIANARABREPUBLIC	SY
SYRIA	SY
SYRIENNE RÉPUBLIQUE ARABE	SY
SYRIE	SY
SYR	SY
TABAGO	TT
TABASCO MEXICO	MX
TABOGA	TT
TADJIKISTAN	TJ
TADJSSR	TJ
TADZHIKISTAN	TJ
TAHITI	PF
TAILANDIA	TH
Taipei City	TW
Taipei Co.	TW
TAIWANPROVINCEOFCHINA	TW
TAIWAN (R.O.C)	TW
TAIWAN	TW
TAIWÁN	TW
TALAIA	PT
TANAZANIA	TZ
TANGANYIKA	TZ
TANZANIA	TZ
TANZANIAUNITEDREPUBLICOF	TZ
TANZANIE ARUSHA KILIMANDJARO	TZ
TANZANIE CHAGGA	TZ
TANZANIE DE LEST	TZ
TANZANIE HAYA	TZ
TANZANIE IWAMBIMBEYA DISTRICT	TZ
TANZANIE MAMBAMOSHI DISTRICT	TZ
TANZANIE MARANGU DISTRICT	TZ
TANZANIE MARANGU MOSHI DISTRICT	TZ
TANZANIE MARANGUMOSHI DISTRICT	TZ
TANZANIEMASAI CHAGGA SUKUMA	TZ
TANZANIE MASAI	TZ
TANZANIE MBARALI DISTRICT	TZ
TANZANIE MBEYA DISTRICT	TZ
TANZANIE MBOZI DISTRICT	TZ
TANZANIE MOSHI DISTRICT	TZ
TANZANIE MOSHI RURAL DISTRICT	TZ
TANZANIE MOSHI SANJA JUUHAI DIST	TZ
TANZANIE MWIKAMOSHI DISTRICT	TZ
TANZANIE PAYS DU SIMANJIRO	TZ
TANZANIE RÉPUBLIQUE UNIE DE	TZ
TANZANIE RUJAWAMBARALI DISTRICT	TZ
TANZANIE RUJEWAMBARALI DISTRICT	TZ
TANZANIE RUJEWAMBARALI	TZ
TANZANIE SAJA JUU MOSHI DISTRICT	TZ
TANZANIE SAMYA JUU HAI DISTRICT	TZ
TANZANIE SANJA JUU DISTRICT	TZ
TANZANIE SANJA JUU HAI DISTRICT	TZ
TANZANIE SANYA JUU DISTRICT	TZ
TANZANIE SANYA JUU HAI DISTRICT	TZ
TANZANIE SENYA JUU HAI DISTRICT	TZ
TANZANIE	TZ
TANZANIE URUMOSHI DISTRICT	TZ
TANZANIE WEST KILIMANJARO	TZ
TANZNIA	TZ
TASMANIA	AU
TASMANIA AUSTRALIA	AU
ÉTATS FÉDÉRÉS DE MICRONÉSIE	FM
ÉTATS UNIS	US
TAVUNASITHI I	FJ
TAÏWAN PROVINCE DE CHINE	TW
TAÃWAN	TW
TAÏWAN	TW
TAYIKISTÁN	TJ
TCA	TC
TCD	TD
TCHAD PAYS SAR	TD
TCHAD	TD
TCHÈQUE RÉPUBLIQUE	CZ
TENDE FRANCE	FR
TENDELTI SUDAN	SD
TENNESSEE USA	US
TEPOTO ATOLL	PF
TERCEIRA I	PT
TERRAGONA PROVINCE SPAIN	ES
TERRES AUSTRALES FRANÇAISES	TF
TERRITOIRE BRITANNIQUE DE L OCÉAN INDIEN	IO
TERRITOIRE PALESTINIEN OCCUPÉ	PS
TERRITORIO BRITÁNICO DEL OCÉANO	IO
TERRITORIOS AUSTRALES FRANCESES	TF
TERRITORIOS PALESTINOS	PS
TERR NEW GUINEA	PN
TERR OF NEW GUINEA	PG
TERR OF N GUINEA SOLOMON ISLANDS	SB
TEXAS	US
TEXAS USA	US
TGO	TG
THAILAND PROB	TH
THAILAND	TH
THAÏLANDE	TH
THAÃLAND	TH
THA	TH
THE BAHAMAS	BS
THE CANARY ISLANDS	ES
THE CONGO	CD
THE DUTCH WEST INDIES	ZZ
THE FORMER YUGOSLAV REPUBLIC OF MACEDONIA	MK
THE GREAT PETER GULF THE SEA OF JAPAN RUSSIA	RU
THE NETHERLANDS	NL
THE PHILIPPINE ISLANDS	PH
THE PHILIPPINES	PH
ÉTHIOPIE	ET
Thüringen	DE
THURSDAY ISLAND	AU
TIBET	CN
TIELT BELGIUM	BE
TIENEN BELGIUM	BE
TIFTON USA	US
TIHANY HUNGARY	HU
TILIB LUCBAN QUEZON PHILIPPINES	PH
TIMOR LESTE	TL
TIMOR ORIENTAL	TL
TIMOR	TL
TJK	TJ
TKL	TK
TKM	TM
TLS	TL
TNAZANIA	TZ
TÚNEZ	TN
TOBAGO BRIT WEST INDIES	TT
TOBAGO BRIT W INDIES	TT
TOBAGO ISLAND	TT
TOBAGO ISLE	TT
TOBAGO	TT
TOGO	TG
TOKELAU ISLANDS	TK
TOKELAU	TK
TOKYO JAPAN	JP
TONGA ISLANDS	TO
TONGA	TO
TON	TO
TORHOUT BELGIUM	BE
TOSASHIMIZU KOCHI PREF JAPAN	JP
TOULOUSE FRANCE	FR
TOURAINE FRANCE	FR
TRANSVAAL	ZA
TRINDAD AND TOBAGO	TT
TRINÏDAD S A	TT
TRINIDAD ADN TOBAGO	TT
TRINIDAD AMP TOBAGO	TT
TRINIDAD AND TOBAGO & TOBAGO	TT
TRINIDAD AND TOBAGO	TT
TRINIDADANDTOBAGO	TT
TRINIDAD B W I	TT
TRINIDAD IS	TT
TRINIDAD I	TT
TRINIDAD S A	TT
TRINIDAD & TOBAGO	TT
TRINIDADTOBAGO	TT
TRINIDAD TOB	TT
TRINIDAD	TT
TRINIDAD Y TOBAGO	TT
TRINIDA	TT
TRINITÉ ET TOBAGO	TT
TRISTAN DA CUNHA I	SH
TRISTAN DA CUNHA ISLAND	SH
TRISTAN DA CUNHA ISLANDS	SH
TRISTANDA CUNHA IS	SH
TRISTAN DA CUNHA	SH
TRISTAN DE CUNHA ISLAND	SH
TRURO USA	US
Tschechien	CZ
TSHELA ZAIRE	CD
TTO	TT
T T	TT
TUAMOTO IS	PF
TUAMOTU ARCHIPELAGO	PF
TUAMOTU ISLANDS	PF
TUAMOTU ISL	PF
TUBUAI ISL	PF
TUNESIA	TN
TUNESIÃ	TN
TUNISEA	TN
TUNISIA	TN
TUNISIE	TN
TUNIS	TN
TUN	TN
TURKANA KENYA	KE
TURKEY	TR
TURKMENISTAN	TM
TURKMENISTÁN	TM
TURKMENIYA	TM
TURKMÉNISTAN	TM
TURKS AND CAICOS IDS	TC
TURKS AND CAICOS ISLANDS	TC
TURKS AND CAICOS	TC
TURKS AND CIACOS IDS	TC
TURKS CAICOS	TC
TURKS ET CAÏCOS ÎLES	TC
TURNHOUT BELGIUM	BE
TURQUÍA	TR
TURQUIA	TR
TURQUIE	TR
TURRIFF SCOTLAND UK	GB
TURTLE I	FJ
TUR	TR
TUVALU	TV
TUV	TV
TWN	TW
TX	US
TZANEEN NORTHERN PROVINCE SOUTH AFRICA	ZA
TZA	TZ
UAS	US
UBON RATCHATHANI THAILAND	TH
U COAST OF MADAGASCAR	MG
UCRANIA	UA
UDDEVALLA SWEDEN	SE
UDNY STATION SCOTLAND UK	GB
UGANAD	UG
UGANDA ITESO	UG
UGANDA SO	UG
UGANDA	UG
UGA	UG
UK ENGLAND	GB
UK ENGLD WAL	GB
U K	GB
UK	GB
UK NO IRELD	GB
UKRAINE	UA
UKRANIAN SSR	UA
UKRA	UA
UKR	UA
UK SCOTLAND	GB
UMEA SWEDEN	SE
UMEÃ SWEDEN	SE
UMI	UM
UNGAVA	CA
UNITED ARAB EMIRATES	AE
UNITED KINGDOM	GB
UNITEDKINGDOM	GB
UNITED KINGDOM OF GREAT BRITAIN AND NORTHERN IRELAND	GB
UNITED KINGKOM	GB
UNITED REPUBLIC OF TANZANIA	TZ
UNITED STATES HAWAII	US
UNITED STATES OF AMERICA	US
UNITED STATES	US
UNITEDSTATES	US
UNITED STATES VIRGIN ISLANDS	VI
UNITED STATE	US
UNITED STA	US
UNIVERSITY LAKE BATON ROUGE USA	US
UNIVERSITY OF WASHINGTON HATCHERY USA	US
UNIVERSITY OF WISCONSIN USA	US
UNTD ARAB EM	AE
UP ASSAM	IN
UP EGYPT	EG
UPPER ASSAM	IN
UPPER AUSTRALIA	AU
UPPER AUSTRIA	AT
UPPER CONGO	CD
UPPER CONGO F S	CD
UPPER EGYPT	EG
UPPER EQYPT	EG
UPPER VOLTA	BF
UPPSALA SWEDEN	SE
URAGUAY	UY
URBANA ILLINOIS USA	US
Uruguai	UY
URUGUAY	UY
Urundi	BI
URY	UY
USA BY INFERENCE	US
USA BY INFERENENCE	US
USA BY INFEREN	US
USADMINISTERED ISLANDS IN THE CENTRAL PACIFIC	UM
US ADMINISTERED ISLANDS	UM
USA PROBABLY	US
USA PROB	US
U S A	US
USA	US
USBEKISTAN	UZ
US LINE ISL	KI
USMARIANAS ISLANDS	MP
US MINOR IS	UM
US MISC PAC	UM
USSR	ZZ
US TRUST TERRITORY OF THE PACIFIC	UM
USTRUST TERRITORY OF THE PACIFIC	UM
US TRUST TERRITORY	UM
USTRUST TERRITORY	UM
U S	US
US	US
US VIRGIN IDS	VI
US VIRGIN ISLANDS	VI
USVIRGIN ISLANDS	VI
US VIRGIN IS	VI
UTAH	US
UTAH USA	US
UZBEKISTÁN	UZ
UZB	UZ
VALENCIA SPAIN	ES
VANCOUVER BRITISH COLUMBIA CANADA	CA
VANCOUVER CANADA	CA
VANTAA FINLAND	FI
VANUA LEVU I	FJ
VANUATA	VU
VANUATUNEW HEBRIDES	VU
VANUATU	VU
VANUTAU	VU
VARASANI INDIA	IN
VASTERAS SWEDEN	SE
VATICAN CITY (HOLY SEE)	VA
VATICAN CITY	VA
VATICAN	VA
VAT	VA
VAUDIGNIES BELGIUM	BE
VCT	VC
VENEGUELA	VE
VENEZEULA	VE
VENEZUELA BOLIVARIAN REPUBLIC OF	VE
VENEZUELA N COAST M TS	VE
VENEZUELA N COAST MTS	VE
VENEZUELA N COAST MT	VE
VENEZUELA RÉPUBLIQUE BOLIVARIENNE DU	VE
VENEZUELA S A	VE
VENEZUELA	VE
VENEZUELA!	VE
VENEZUELA	VE
VENEZUELLA	VE
VENEZ	VE
VENICE	IT
VEN	VE
VENZUELA	VE
VENZUELEY	VE
VERAGUA	PA
VERAGUA PANAMA	PA
VERAGUE	PA
VERAQUA	PA
VERAQUA PANAMA	PA
VERLAINE BELGIUM	BE
VERMONT USA	US
VESTFOLD HILLS ANTARCTICA	AQ
VESTFOLD HILLS ANTARTICA	AQ
VEURNE BELGIUM	BE
VGB	VG
VICTORIA AUSTRALIA	AU
VICTORIA LAND	AQ
VIET NAM	VN
VIETNAM	VN
VIGO SPAIN	ES
VILLAFRANCA NAVARRA SPAIN	ES
VILLAGE DE MOUMPOUTOU LE LONG DE LA RIVIÃRE	CG
VILLEGOUGE GIRONDE FRANCE	FR
VIRGINIA	US
VIRGINIA USA	US
Virgin Islands of the United States	VI
VIRGIN ISLANDS ST THOMAS	VI
VIR	VI
VITI LEVU I	FJ
VIÊT NAM	VN
VIÊTNAM	VN
VÃLBERG SWEDEN	SE
VNM	VN
VÉNÉZUÉLA	VE
VOGEZEN	FR
VOLVIC CLAIRVIC SPRING FRANCE	FR
VÃSTERAS SWEDEN	SE
VUT	VU
VÃXJÃ SWEDEN	SE
VYLE EN THAROUL BELGIUM	BE
VÃZON BELGIUM	BE
WADI NATRUN EGYPT	EG
WAGENINGEN THE NETHERLANDS	NL
WAIRAKEI NEW ZEALAND	NZ
WAKE ATOLL	UM
WAKE ID	UM
WAKE ISLAND	UM
WAKE I	UM
WALES	GB
WALES UK	GB
W ALGERIA	DZ
WALGERIA	DZ
WALLIS AND FUTUNA ISLANDS	WF
WALLIS ET FUTUNA	WF
WALLIS FUT I	WF
WALLIS Y FUTUNA	WF
WANGAVA I	FJ
W ANGOLA	AO
WAREGEM BELGIUM	BE
W ARGENTINA	AR
WARWICK ENGLAND	GB
WARWICK UNIVERSITY UK	GB
WASHINGTON DC USA	US
WASHINGTON STATE USA	US
WASHINGTON USA	US
WATFORD UK	GB
W AUSTRALIA	AU
W BELG CONGO	CD
W BOLIVIA	BO
W CANADA	CA
W CENTR AUSTRALIA	AU
W CENTR MADAGASCAR	MG
W CHILE	CL
W. China	CN
W COAST OF ECUADOR	EC
W COAST OF GREENLAND	GL
W COAST OF MADAGASCAR	MG
W COAST OF MEXICO	MX
W COAST OF SUMATRA	ID
W COL	CO
W COLOMBIA	CO
W COLOM	CO
W COLUMBIA	CO
W D N GUINEA	ID
W DUTCH NEW GUINEA	ID
W ECUADOR!	EC
W ECUADOR	EC
WEDDELL SEA	AQ
W EGYPT	EG
WELLESBOURNE UK	GB
W ERN COL	CO
W ERN PANAMA	PA
WEST AUSTRALIA	AU
WEST AUSTRALIA COAST	AU
WEST BENGAL INDIA	IN
WEST CAROLINE ISLAND	PW
WEST COAST OF ECUADOR	EC
WEST COAST OF GREENLAND	GL
WEST COAST OF N ZEALAND	NZ
WEST COAST OF ST VINCENT B W I	VC
WEST COLOMBIA	CO
WEST ECUADOR	EC
WESTERN AUSTRALIA	AU
WESTERN CAPRIVI NAMIBIA	NA
WESTERN COLOMBIA	CO
WESTERN COLUMBIA	CO
WESTERN ECUADOR	EC
WESTERN GREENLAND	GL
WESTERN MALAYSIA	MY
WESTERN MEDITERRANEAN SEA FRANCE	FR
WESTERN MEXICO	MX
WESTERN PAKISTAN	PK
WESTERN PANAMA	PA
WESTERN SAMOA	WS
WESTERN SOMOA	WS
WESTERN SPAIN	ES
WESTERN U S	US
WEST FALKLAND	FK
WEST GERMANY	DE
WEST GREENLAND	GL
WEST INDIA	IN
WEST INDIAN OCEAN	MP
WEST INDIES ANTIGUA	AG
WEST INDIES ANTIGUA I	AG
WEST INDIES ARUBA I	AW
WEST INDIES BAHAMA IS	BS
WEST INDIES BAHAMAS	BS
WEST INDIES BARBUDA I	AG
WEST INDIES BLANQUILLA I	VE
WEST INDIES BONAIRE I	BQ
WEST INDIES CUBA	CU
WEST INDIES CUBA I	CU
WEST INDIES CURACAO I	CW
WEST INDIES DOMINICA I	DM
WEST INDIES E CUBA	CU
WEST INDIES GRAND CAYMAN I	KY
WEST INDIES GRAND CAYMAN	KY
WEST INDIES GREAT BAHAMA IS	BS
WEST INDIES GRENADA I	GD
WEST INDIES GRENEDA I	GD
WEST INDIES GUADELOUPE	GP
WEST INDIES GUADELOUPE I	GP
WEST INDIES JAMAICA	JM
WEST INDIES MARTINIQUE I	MQ
WEST INDIES NORTH SIDE GRAND CAYMAN I	KY
WEST INDIES NORTH SIDE OF GRAND CAYMAN	KY
WEST INDIES PORTO RICO I	PR
WEST INDIES PORTO RICO	PR
WEST INDIES PUERTO RICO	PR
WEST INDIESSAINTTHOMAS	VI
WEST INDIES SAN DOMINGO	DO
WEST INDIES SANTO DOMINGO	DO
WEST INDIES S DOMINGO	DO
WEST INDIES S MAR DE PORTO RICO I	PR
WEST INDIES STA LUCIA I	LC
WEST INDIES ST LUCIA I	LC
WEST INDIES ST VINCENT I	VC
WEST INDIES TESTIGOS IS	VE
WEST INDIES TOBAGO ISLAND	TT
WEST INDIES TOBAGO I	TT
WEST INDIES TOBAGO	TT
WEST INDIES TRINIDAD	TT
WEST JAVA INDONESIA	ID
WESTKERKE BELGIUM	BE
WEST MADAGASCAR	MG
WEST MALAYSIA	MY
WEST OF PANAMA	PA
WEST OF SUMATRA	ID
WEST PAKISTAN	PK
WESTPAKISTAN	PK
WEST SAHARA	EH
WEST SCOTLAND SEA LOCH	GB
WEST SUMATRA I	ID
WEST SUMATRA INDONESIA	ID
WEST VIRGINIA	US
W FALKLAND IS	FK
W GERMANY	DE
W GREENLAND	GL
WHARMINDA SOUTH AUSTRALIA	AU
W I BAHAMA	BS
W I GUADELOUPE	GP
W I HAITI	HT
W I MARTINIQUE	MQ
WINDHOEK NAMIBIA	NA
W INDIES ANTIGUA	AG
W INDIES ANTIGUA I	AG
W INDIES ARUBA I	AW
W INDIES BAHAMA IS	BS
W INDIES BAHAMAS I	BS
W INDIES BAHAMAS ISLANDS	BS
W INDIES BARBUDA I	AG
W INDIES BLANQUILLA I	VE
W INDIES BONAIRE I	BQ
W INDIES CUBA	CU
W INDIES CUBA I	CU
W INDIES CURACAO I	CW
W INDIES DOMINICA I	DM
W INDIES E CUBA	CU
W INDIES E CUBA I	CU
W INDIES GRAND CAYMAN I	KY
W INDIES GRAND CAYMAN I NORTH SIDE	KY
W INDIES GUADELOUPE	GP
W INDIES GUADELOUPE I	GP
W INDIES GUADELOUPE IS	GP
W INDIES JAMAICA I	JM
W INDIES JAMAICA	JM
W INDIES MARTINIQUE I	MQ
W INDIES MARTINIQUE	MQ
W INDIES PORTO RICO I	PR
W INDIES PORTO RICO	PR
W INDIES SANTA LUCIA I	LC
W INDIES S DOMINGO	DO
W INDIES STA LUCIA I	LC
W INDIES ST LUCIA I	LC
W INDIES ST MARTIN I	SX
W INDIES ST THOMAS I	VI
W INDIES ST VINCENT ISLAND	VC
W INDIES ST VINCENT I	VC
W INDIES TESTIGOS ISLES	VE
W INDIES TESTIGOS I	VE
W INDIES TOBAGO ISLAND	TT
W INDIES TOBAGO IS	TT
W INDIES TOBAGO I	TT
W INDIES TRINIDAD	TT
WINDWARD COAST OF ST VINCENT B W I	VC
WINSLOW NEW ZEALAND	NZ
W I PORTO RICO	PR
WISCONSIN USA	US
W I TRINIDAD	TT
W KENYA COLONY	KE
W KENYA	KE
WLF	WF
W MADAGASCAR	MG
WMALAYSIA	MY
W MARACCO	MA
W MAROCCO	MA
W MEXICO	MX
W MEX	MX
W MOROCCO	MA
WNORTHAMERICA	US
W OF COLOMBIA	CO
W OF GREENLAND	GL
W OF MADAGASCAR	MG
W OF MEXICO	MX
W OF N MADAGASCAR	MG
W OF SCOTLAND	GB
W OF SOUTH AFRICA	ZA
W OF SUMATRA	ID
W OF W MEXICO	MX
W OF W PANAMA	PA
W OF W SUMATRA	ID
WOMMELGEM BELGIUM	BE
WOODS HOLE MASSACHUSETTS USA	US
WORTHING ENGLAND	GB
Wouth Korea	KR
WPALKISTAN	PK
W PANAMA	PA
W PERU	PE
WREXHAM UK	GB
W RUSSIA	RU
W S AUSTRALIA	AU
W S COLOMBIA	CO
W SCOTLAND	GB
W SIBERIA	RU
WSM	WS
W SPAIN	ES
W SUMATRA	ID
W SUMATRA IS	ID
W U S A	US
W VENEZUELA	VE
W WEST AUSTRALIA	AU
WYOMING	US
XILINHOT MONGOLIA CHINA	MN
XINJIANG CHINA	CN
YANGASA CLUSTER I	FJ
YELLOWSTONE NATIONAL PARK WYOMING USA	US
YELLOWSTONE PARK USA	US
YEMAN	YE
YEMEN ARAB REPUBLIC	YE
YEMEN NORTHSOUTH	YE
YEMEN SOUTH	YE
YEMEN	YE
YEM	YE
YIBUTI	DJ
YÉMEN	YE
YUCATAN	MX
YUGO SLAVIA BOSNIA	BA
YUGOSLAVIA BOSNIA	BA
YUGOSLAVIA CROATIA	HR
YUGO SLAVIA HERCEGOVINA	BA
YUGOSLAVIA HERCEGOVINA	BA
YVES GOMEZÃE WALCOURT BELGIUM	BE
YVOIR BELGIUM	BE
ZAF	ZA
ZAIRE BELGIAN CONGO	CD
ZAIRE	CD
ZAIRE [DEMOCRATIC REPUBLIC OF CONGO]	CG
ZAIRETETURI FORêT DE LITURI	CD
ZAMBIA N RHODESIA	ZM
ZAMBIA	ZM
ZAMBIE	ZM
ZANZIBAR	TZ
ZAÃRE AUTOUR DU VILLAGE ANDIRI PRÃS DE NDUYE ITURI	CD
ZAÃRE BASCONGO	CD
ZAÃRE	CD
ZAÏRE	CD
ZAÃRE ITURI	CD
ZAÃRE ITURI RÃPUBLIQUE DÃMOCRATIQUE DU CONGO	CD
ZAÃRE KATANGA RÃPUBLIQUE DÃMOCRATIQUE DU CONGO	CD
ZAÃRE KISANGANI RÃP DÃMOCRATIQUE DU CONGO	CD
ZAÃRE NDUYE ZONE DE MAMBASA FORÃªT DE LITURI	CD
ZAÃRE ORIENTAL RÃPUBLIQUE DÃMOCRATIQUE DU CONGO	CD
ZAÃRE RÃP DÃMOCRATIQUE DU CONGO	CD
ZAÃRE RÃP DÃMOCRATIQUE DU CONGO CONGO BELGE	CD
ZAÃRE RÃP DÃMOCRATIQUE DU CONGO SUD KIVU	CD
ZAÃRE RÃPUBLIQUE DÃMOCRATIQUE DU CONGO	CD
ZAÃRE SHABA	CD
ZAÃRE SUD KIVU RÃPUBLIQUE DÃMOCRATIQUE DU CONGO	CD
ZELE BELGIUM	BE
ZEVEKOTE BELGIUM	BE
ZHEJIANG CHINA	CN
ZIMBABUE	ZW
ZIMBABWE RHODESIA	ZW
ZIMBABWE SOUTHERN RHODESIA	ZW
ZIMBABWE	ZW
ZMB	ZM
ZOERSEL BELGIUM	BE
ZONDEREIGEN BELGIUM	BE
ZOTTEGEM BELGIUM	BE
ZOUTPANSBERG	ZA
ZR	CD
ZÃRICH SWITZERLAND	CH
ZUID PERZIÃ	IR
ZWEVEGEM BELGIUM	BE
ZWE	ZW
ZWOLLE THE NETHERLANDS	NL
